Local Date,Local Time,Close,Net,%Chg,Open,Low,High,Volume
19-May-2023,16:30,"13,844.11",-3.94,-0.03%,"13,847.74","13,841.06","13,849.37","508,245"
19-May-2023,16:29,"13,848.05",-7.75,-0.06%,"13,855.80","13,846.00","13,855.80","417,764"
19-May-2023,16:28,"13,855.80",+2.06,+0.01%,"13,853.75","13,851.68","13,855.80","418,552"
19-May-2023,16:27,"13,853.75",-4.58,-0.03%,"13,858.33","13,851.46","13,858.33","511,176"
19-May-2023,16:26,"13,858.33",+3.81,+0.03%,"13,854.52","13,854.47","13,858.78","411,504"
19-May-2023,16:25,"13,854.52",-1.32,-0.01%,"13,855.84","13,849.83","13,856.22","539,341"
19-May-2023,16:24,"13,855.84",+1.97,+0.01%,"13,853.87","13,853.41","13,857.31","509,235"
19-May-2023,16:23,"13,853.87",-3.32,-0.02%,"13,857.06","13,852.12","13,857.23","416,694"
19-May-2023,16:22,"13,857.19",+1.75,+0.01%,"13,855.43","13,854.56","13,857.62","463,307"
19-May-2023,16:21,"13,855.43",+9.39,+0.07%,"13,846.05","13,846.05","13,855.60","499,792"
19-May-2023,16:20,"13,846.05",+3.05,+0.02%,"13,843.00","13,842.91","13,848.64","456,287"
19-May-2023,16:19,"13,843.00",+0.79,+0.01%,"13,842.21","13,841.91","13,845.33","462,200"
19-May-2023,16:18,"13,842.21",+5.28,+0.04%,"13,836.92","13,833.74","13,842.21","442,460"
19-May-2023,16:17,"13,836.92",+1.02,+0.01%,"13,835.90","13,835.90","13,839.67","476,175"
19-May-2023,16:16,"13,835.90",+3.09,+0.02%,"13,832.81","13,831.05","13,837.97","435,656"
19-May-2023,16:15,"13,832.81",-2.03,-0.01%,"13,834.85","13,830.51","13,836.81","539,511"
19-May-2023,16:14,"13,834.85",+8.26,+0.06%,"13,826.59","13,826.59","13,834.85","432,897"
19-May-2023,16:13,"13,826.59",+7.70,+0.06%,"13,818.88","13,818.88","13,826.63","463,108"
19-May-2023,16:12,"13,818.88",+2.03,+0.01%,"13,816.86","13,813.99","13,818.98","546,263"
19-May-2023,16:11,"13,816.86",-8.09,-0.06%,"13,824.95","13,816.55","13,826.72","560,295"
19-May-2023,16:10,"13,824.95",+8.34,+0.06%,"13,816.60","13,815.13","13,827.16","768,140"
19-May-2023,16:09,"13,816.60",+5.85,+0.04%,"13,810.75","13,810.36","13,818.50","560,281"
19-May-2023,16:08,"13,810.75",-7.21,-0.05%,"13,817.96","13,810.73","13,818.42","511,485"
19-May-2023,16:07,"13,817.96",+7.15,+0.05%,"13,810.81","13,810.81","13,819.73","549,563"
19-May-2023,16:06,"13,810.81",-5.93,-0.04%,"13,816.74","13,809.66","13,818.41","490,318"
19-May-2023,16:05,"13,816.74",+3.39,+0.02%,"13,813.35","13,811.58","13,818.88","491,904"
19-May-2023,16:04,"13,813.35",-2.31,-0.02%,"13,815.65","13,807.58","13,815.84","761,576"
19-May-2023,16:03,"13,815.65",-11.27,-0.08%,"13,826.92","13,815.65","13,826.92","672,241"
19-May-2023,16:02,"13,826.92",-6.14,-0.04%,"13,833.06","13,826.92","13,837.20","547,406"
19-May-2023,16:01,"13,833.06",-8.44,-0.06%,"13,841.50","13,826.47","13,843.63","677,509"
19-May-2023,16:00,"13,841.50",+5.86,+0.04%,"13,835.64","13,833.63","13,841.60","510,920"
19-May-2023,15:59,"13,835.64",+1.22,+0.01%,"13,834.42","13,831.58","13,838.49","542,762"
19-May-2023,15:58,"13,834.42",+2.16,+0.02%,"13,832.26","13,829.23","13,834.70","532,966"
19-May-2023,15:57,"13,832.26",+3.81,+0.03%,"13,828.44","13,827.69","13,834.69","589,899"
19-May-2023,15:56,"13,828.44",+3.53,+0.03%,"13,824.92","13,824.30","13,830.39","571,937"
19-May-2023,15:55,"13,824.92",-4.88,-0.04%,"13,829.79","13,824.92","13,836.51","587,436"
19-May-2023,15:54,"13,829.79",-3.70,-0.03%,"13,833.49","13,829.13","13,834.99","496,776"
19-May-2023,15:53,"13,833.49",-2.07,-0.01%,"13,835.57","13,832.64","13,839.16","641,565"
19-May-2023,15:52,"13,835.57",+2.63,+0.02%,"13,832.93","13,832.88","13,838.23","659,689"
19-May-2023,15:51,"13,832.93",-0.23,-0.00%,"13,833.16","13,830.63","13,837.70","737,836"
19-May-2023,15:50,"13,833.16",-7.63,-0.06%,"13,840.79","13,830.98","13,844.11","757,567"
19-May-2023,15:49,"13,840.79",-0.09,-0.00%,"13,840.89","13,839.58","13,848.42","706,596"
19-May-2023,15:48,"13,840.89",-1.13,-0.01%,"13,842.02","13,839.09","13,846.97","710,720"
19-May-2023,15:47,"13,842.02",-8.73,-0.06%,"13,850.75","13,842.02","13,852.31","741,849"
19-May-2023,15:46,"13,850.75",-8.03,-0.06%,"13,858.78","13,846.41","13,858.78","881,944"
19-May-2023,15:45,"13,858.78",-3.05,-0.02%,"13,861.82","13,857.17","13,861.82","571,285"
19-May-2023,15:44,"13,861.82",-7.89,-0.06%,"13,869.71","13,861.63","13,869.71","912,321"
19-May-2023,15:43,"13,869.71",+1.51,+0.01%,"13,868.18","13,862.89","13,874.42","866,922"
19-May-2023,15:42,"13,868.20",+6.93,+0.05%,"13,861.23","13,858.72","13,869.29","689,210"
19-May-2023,15:41,"13,861.27",+4.99,+0.04%,"13,854.78","13,853.00","13,865.87","843,274"
19-May-2023,15:40,"13,856.29",-0.51,-0.00%,"13,857.14","13,855.60","13,859.26","858,235"
19-May-2023,15:39,"13,856.79",+7.97,+0.06%,"13,848.83","13,848.73","13,856.79","989,350"
19-May-2023,15:38,"13,848.83",+3.57,+0.03%,"13,845.31","13,842.96","13,850.08","624,780"
19-May-2023,15:37,"13,845.26",+4.24,+0.03%,"13,842.49","13,840.26","13,845.34","949,889"
19-May-2023,15:36,"13,841.02",-8.53,-0.06%,"13,849.55","13,838.40","13,850.09","753,877"
19-May-2023,15:35,"13,849.55",+5.69,+0.04%,"13,843.86","13,843.21","13,851.35","739,227"
19-May-2023,15:34,"13,843.86",-0.93,-0.01%,"13,844.78","13,839.17","13,847.34","679,030"
19-May-2023,15:33,"13,844.78",+6.21,+0.04%,"13,838.57","13,838.34","13,850.52","805,151"
19-May-2023,15:32,"13,838.57",-7.27,-0.05%,"13,845.84","13,836.67","13,847.64","978,573"
19-May-2023,15:31,"13,845.84",+11.23,+0.08%,"13,842.69","13,842.25","13,849.40","26,951,133"
18-May-2023,22:00,"13,834.86",+1.17,+0.01%,"13,833.68","13,833.59","13,841.57","7,813,585"
18-May-2023,21:59,"13,833.68",-0.18,-0.00%,"13,833.87","13,830.81","13,833.98","3,011,841"
18-May-2023,21:58,"13,833.87",+2.24,+0.02%,"13,831.63","13,829.37","13,835.42","2,303,926"
18-May-2023,21:57,"13,831.63",+1.47,+0.01%,"13,830.11","13,828.70","13,831.75","1,789,495"
18-May-2023,21:56,"13,830.15",+0.51,+0.00%,"13,829.64","13,823.63","13,833.48","2,492,903"
18-May-2023,21:55,"13,829.64",-7.88,-0.06%,"13,837.52","13,827.80","13,838.38","2,021,445"
18-May-2023,21:54,"13,837.52",-2.99,-0.02%,"13,842.44","13,837.52","13,844.39","1,184,486"
18-May-2023,21:53,"13,840.51",+1.44,+0.01%,"13,839.15","13,838.30","13,843.29","1,350,935"
18-May-2023,21:52,"13,839.07",+1.06,+0.01%,"13,837.77","13,837.43","13,844.76","1,360,382"
18-May-2023,21:51,"13,838.01",+12.25,+0.09%,"13,825.76","13,825.76","13,838.10","2,485,149"
18-May-2023,21:50,"13,825.76",+7.86,+0.06%,"13,819.36","13,819.22","13,825.97","833,972"
18-May-2023,21:49,"13,817.90",-4.66,-0.03%,"13,822.31","13,817.81","13,823.11","629,146"
18-May-2023,21:48,"13,822.56",-5.63,-0.04%,"13,828.00","13,821.96","13,828.98","717,788"
18-May-2023,21:47,"13,828.19",-0.22,-0.00%,"13,828.08","13,822.72","13,828.19","690,893"
18-May-2023,21:46,"13,828.41",+9.61,+0.07%,"13,818.79","13,818.38","13,830.11","966,224"
18-May-2023,21:45,"13,818.79",+6.89,+0.05%,"13,811.90","13,811.90","13,820.66","714,133"
18-May-2023,21:44,"13,811.90",+2.32,+0.02%,"13,809.36","13,808.30","13,812.28","470,330"
18-May-2023,21:43,"13,809.58",+4.13,+0.03%,"13,805.45","13,804.78","13,809.97","628,147"
18-May-2023,21:42,"13,805.45",-0.39,-0.00%,"13,805.64","13,803.08","13,805.67","565,739"
18-May-2023,21:41,"13,805.83",+12.01,+0.09%,"13,793.38","13,791.88","13,805.83","723,914"
18-May-2023,21:40,"13,793.82",+2.21,+0.02%,"13,791.59","13,790.72","13,793.82","458,548"
18-May-2023,21:39,"13,791.61",+2.24,+0.02%,"13,789.25","13,788.86","13,791.61","449,902"
18-May-2023,21:38,"13,789.37",-4.17,-0.03%,"13,793.38","13,788.58","13,793.38","450,839"
18-May-2023,21:37,"13,793.54",-3.14,-0.02%,"13,796.73","13,791.94","13,796.73","431,334"
18-May-2023,21:36,"13,796.68",+0.86,+0.01%,"13,796.34","13,793.77","13,797.51","449,347"
18-May-2023,21:35,"13,795.82",+1.62,+0.01%,"13,794.50","13,794.38","13,796.93","401,790"
18-May-2023,21:34,"13,794.19",+2.36,+0.02%,"13,792.17","13,791.43","13,794.44","527,358"
18-May-2023,21:33,"13,791.83",+2.43,+0.02%,"13,789.34","13,788.64","13,793.02","442,056"
18-May-2023,21:32,"13,789.40",-2.11,-0.02%,"13,791.49","13,788.77","13,791.49","370,863"
18-May-2023,21:31,"13,791.51",+0.33,+0.00%,"13,791.64","13,791.27","13,794.50","842,738"
18-May-2023,21:30,"13,791.18",+3.64,+0.03%,"13,787.53","13,787.53","13,791.18","325,929"
18-May-2023,21:29,"13,787.54",-1.18,-0.01%,"13,788.92","13,787.54","13,789.34","291,661"
18-May-2023,21:28,"13,788.72",+3.64,+0.03%,"13,785.28","13,784.28","13,789.00","378,534"
18-May-2023,21:27,"13,785.08",+5.29,+0.04%,"13,779.73","13,778.62","13,785.08","389,478"
18-May-2023,21:26,"13,779.79",-3.21,-0.02%,"13,783.05","13,779.79","13,783.20","385,709"
18-May-2023,21:25,"13,783.00",+0.48,+0.00%,"13,782.58","13,781.73","13,783.55","323,738"
18-May-2023,21:24,"13,782.52",-3.76,-0.03%,"13,786.44","13,781.19","13,786.44","358,558"
18-May-2023,21:23,"13,786.28",-1.65,-0.01%,"13,787.18","13,785.29","13,787.46","396,708"
18-May-2023,21:22,"13,787.93",-4.58,-0.03%,"13,792.45","13,787.93","13,792.54","379,808"
18-May-2023,21:21,"13,792.51",-5.25,-0.04%,"13,797.68","13,792.51","13,798.78","478,464"
18-May-2023,21:20,"13,797.76",+9.16,+0.07%,"13,788.87","13,788.87","13,799.52","650,340"
18-May-2023,21:19,"13,788.60",+4.68,+0.03%,"13,783.86","13,783.75","13,788.60","400,339"
18-May-2023,21:18,"13,783.91",+1.20,+0.01%,"13,782.89","13,781.69","13,783.91","316,130"
18-May-2023,21:17,"13,782.71",+6.44,+0.05%,"13,776.78","13,776.63","13,783.27","397,804"
18-May-2023,21:16,"13,776.27",+5.79,+0.04%,"13,770.78","13,770.60","13,776.94","407,456"
18-May-2023,21:15,"13,770.48",-2.55,-0.02%,"13,772.90","13,770.33","13,773.27","383,320"
18-May-2023,21:14,"13,773.04",+3.36,+0.02%,"13,769.79","13,769.15","13,773.04","351,286"
18-May-2023,21:13,"13,769.68",+1.50,+0.01%,"13,768.45","13,767.64","13,770.28","346,937"
18-May-2023,21:12,"13,768.18",-2.08,-0.02%,"13,770.77","13,767.60","13,770.79","249,963"
18-May-2023,21:11,"13,770.26",+4.79,+0.03%,"13,766.04","13,766.04","13,771.30","649,311"
18-May-2023,21:10,"13,765.47",+4.22,+0.03%,"13,761.31","13,760.64","13,765.75","231,530"
18-May-2023,21:09,"13,761.25",+3.58,+0.03%,"13,757.65","13,757.02","13,761.36","254,119"
18-May-2023,21:08,"13,757.67",-1.00,-0.01%,"13,758.72","13,755.99","13,758.89","206,384"
18-May-2023,21:07,"13,758.67",+3.66,+0.03%,"13,756.34","13,754.87","13,758.84","296,747"
18-May-2023,21:06,"13,755.00",-2.98,-0.02%,"13,757.77","13,752.33","13,757.77","282,322"
18-May-2023,21:05,"13,757.99",+0.77,+0.01%,"13,757.24","13,756.43","13,760.16","239,875"
18-May-2023,21:04,"13,757.22",-8.83,-0.06%,"13,765.95","13,756.45","13,766.35","433,223"
18-May-2023,21:03,"13,766.06",+3.60,+0.03%,"13,762.44","13,762.27","13,766.16","253,984"
18-May-2023,21:02,"13,762.46",-1.91,-0.01%,"13,764.49","13,760.78","13,764.57","262,041"
18-May-2023,21:01,"13,764.37",+4.77,+0.03%,"13,760.09","13,760.09","13,765.50","368,821"
18-May-2023,21:00,"13,759.60",+0.98,+0.01%,"13,758.31","13,758.31","13,760.30","272,112"
18-May-2023,20:59,"13,758.61",-0.74,-0.01%,"13,759.31","13,758.53","13,761.33","257,149"
18-May-2023,20:58,"13,759.35",+3.18,+0.02%,"13,756.20","13,755.07","13,759.35","262,655"
18-May-2023,20:57,"13,756.17",+0.65,+0.00%,"13,755.52","13,754.10","13,757.45","233,252"
18-May-2023,20:56,"13,755.52",+2.30,+0.02%,"13,753.16","13,750.93","13,756.69","320,889"
18-May-2023,20:55,"13,753.22",-5.52,-0.04%,"13,758.72","13,753.22","13,758.81","227,921"
18-May-2023,20:54,"13,758.74",-4.20,-0.03%,"13,762.78","13,757.79","13,762.78","216,911"
18-May-2023,20:53,"13,762.94",+4.06,+0.03%,"13,758.92","13,758.92","13,763.06","259,113"
18-May-2023,20:52,"13,758.89",+0.53,+0.00%,"13,758.36","13,757.89","13,759.75","225,162"
18-May-2023,20:51,"13,758.35",-0.91,-0.01%,"13,759.44","13,758.10","13,760.35","211,615"
18-May-2023,20:50,"13,759.26",+1.41,+0.01%,"13,758.26","13,756.99","13,759.26","267,862"
18-May-2023,20:49,"13,757.86",+0.07,+0.00%,"13,757.51","13,757.44","13,758.68","209,115"
18-May-2023,20:48,"13,757.78",+8.41,+0.06%,"13,749.25","13,749.25","13,758.91","432,728"
18-May-2023,20:47,"13,749.37",+3.24,+0.02%,"13,746.09","13,745.42","13,750.92","267,447"
18-May-2023,20:46,"13,746.13",+0.64,+0.00%,"13,745.72","13,745.72","13,748.07","217,470"
18-May-2023,20:45,"13,745.49",-0.33,-0.00%,"13,745.86","13,744.60","13,748.08","264,705"
18-May-2023,20:44,"13,745.82",+0.70,+0.01%,"13,745.17","13,742.09","13,746.39","284,924"
18-May-2023,20:43,"13,745.12",-1.75,-0.01%,"13,746.95","13,744.85","13,747.59","273,752"
18-May-2023,20:42,"13,746.88",-1.13,-0.01%,"13,748.45","13,746.77","13,748.45","272,007"
18-May-2023,20:41,"13,748.01",+0.37,+0.00%,"13,747.96","13,746.20","13,748.95","275,868"
18-May-2023,20:40,"13,747.64",+0.80,+0.01%,"13,746.71","13,745.61","13,748.06","223,080"
18-May-2023,20:39,"13,746.85",+2.78,+0.02%,"13,744.07","13,743.39","13,747.51","230,865"
18-May-2023,20:38,"13,744.06",+2.42,+0.02%,"13,741.64","13,741.64","13,746.19","254,071"
18-May-2023,20:37,"13,741.65",+1.61,+0.01%,"13,740.69","13,740.69","13,744.05","253,235"
18-May-2023,20:36,"13,740.04",-0.28,-0.00%,"13,740.21","13,737.69","13,741.86","260,588"
18-May-2023,20:35,"13,740.32",+0.85,+0.01%,"13,739.20","13,739.04","13,741.69","195,370"
18-May-2023,20:34,"13,739.46",+1.74,+0.01%,"13,737.56","13,737.06","13,739.68","248,267"
18-May-2023,20:33,"13,737.72",-0.84,-0.01%,"13,738.23","13,736.46","13,738.34","208,816"
18-May-2023,20:32,"13,738.55",-3.41,-0.02%,"13,741.97","13,738.54","13,741.97","237,787"
18-May-2023,20:31,"13,741.96",+7.55,+0.05%,"13,734.39","13,734.39","13,742.01","243,461"
18-May-2023,20:30,"13,734.42",-3.97,-0.03%,"13,738.38","13,734.08","13,739.54","295,726"
18-May-2023,20:29,"13,738.39",+0.28,+0.00%,"13,738.20","13,738.16","13,740.85","228,154"
18-May-2023,20:28,"13,738.11",-2.09,-0.02%,"13,740.57","13,737.89","13,741.97","233,644"
18-May-2023,20:27,"13,740.20",-0.34,-0.00%,"13,740.55","13,739.16","13,741.15","196,620"
18-May-2023,20:26,"13,740.54",+2.89,+0.02%,"13,737.54","13,737.54","13,740.54","327,084"
18-May-2023,20:25,"13,737.65",+0.34,+0.00%,"13,738.26","13,737.25","13,739.51","222,005"
18-May-2023,20:24,"13,737.30",+2.91,+0.02%,"13,734.38","13,733.97","13,737.30","187,786"
18-May-2023,20:23,"13,734.39",-0.54,-0.00%,"13,735.07","13,733.69","13,736.28","219,877"
18-May-2023,20:22,"13,734.93",+2.35,+0.02%,"13,732.13","13,730.69","13,735.24","224,588"
18-May-2023,20:21,"13,732.58",+1.65,+0.01%,"13,730.86","13,730.67","13,734.12","346,999"
18-May-2023,20:20,"13,730.93",+5.36,+0.04%,"13,725.58","13,725.58","13,730.93","221,633"
18-May-2023,20:19,"13,725.56",+3.37,+0.02%,"13,722.52","13,721.98","13,725.63","185,694"
18-May-2023,20:18,"13,722.19",+3.24,+0.02%,"13,719.12","13,716.59","13,722.19","203,782"
18-May-2023,20:17,"13,718.95",+0.24,+0.00%,"13,718.90","13,716.82","13,719.53","208,764"
18-May-2023,20:16,"13,718.71",+5.88,+0.04%,"13,713.10","13,713.10","13,720.16","253,471"
18-May-2023,20:15,"13,712.83",+8.18,+0.06%,"13,704.76","13,704.70","13,712.83","255,491"
18-May-2023,20:14,"13,704.65",-7.65,-0.06%,"13,712.22","13,704.44","13,712.61","215,598"
18-May-2023,20:13,"13,712.29",+2.79,+0.02%,"13,709.49","13,709.43","13,712.45","235,513"
18-May-2023,20:12,"13,709.51",-2.47,-0.02%,"13,711.95","13,707.80","13,711.95","228,471"
18-May-2023,20:11,"13,711.97",+1.46,+0.01%,"13,710.07","13,709.68","13,713.50","284,933"
18-May-2023,20:10,"13,710.51",-4.38,-0.03%,"13,714.91","13,710.25","13,714.91","197,236"
18-May-2023,20:09,"13,714.90",+0.17,+0.00%,"13,714.60","13,712.61","13,715.35","260,642"
18-May-2023,20:08,"13,714.73",+8.80,+0.06%,"13,706.04","13,706.04","13,717.05","322,603"
18-May-2023,20:07,"13,705.93",-2.43,-0.02%,"13,708.33","13,703.37","13,708.65","303,318"
18-May-2023,20:06,"13,708.36",-4.43,-0.03%,"13,711.40","13,708.36","13,713.01","262,854"
18-May-2023,20:05,"13,712.79",-4.11,-0.03%,"13,716.73","13,712.79","13,716.73","222,715"
18-May-2023,20:04,"13,716.90",+1.76,+0.01%,"13,714.88","13,714.83","13,718.27","291,272"
18-May-2023,20:03,"13,715.14",+0.99,+0.01%,"13,716.17","13,713.87","13,716.19","264,326"
18-May-2023,20:02,"13,714.16",+5.11,+0.04%,"13,709.33","13,708.96","13,714.45","326,853"
18-May-2023,20:01,"13,709.04",-5.49,-0.04%,"13,714.46","13,707.80","13,714.46","278,905"
18-May-2023,20:00,"13,714.53",+3.27,+0.02%,"13,711.17","13,711.00","13,715.13","275,068"
18-May-2023,19:59,"13,711.26",-5.04,-0.04%,"13,715.15","13,711.26","13,715.93","305,799"
18-May-2023,19:58,"13,716.30",-6.33,-0.05%,"13,722.56","13,716.30","13,722.56","249,050"
18-May-2023,19:57,"13,722.63",+0.76,+0.01%,"13,722.18","13,721.11","13,724.31","236,187"
18-May-2023,19:56,"13,721.88",-4.31,-0.03%,"13,726.24","13,720.31","13,726.24","321,043"
18-May-2023,19:55,"13,726.18",-0.77,-0.01%,"13,727.01","13,725.62","13,727.87","195,797"
18-May-2023,19:54,"13,726.95",-6.82,-0.05%,"13,733.68","13,726.95","13,733.68","251,393"
18-May-2023,19:53,"13,733.77",+2.32,+0.02%,"13,731.45","13,731.45","13,734.40","209,215"
18-May-2023,19:52,"13,731.44",-1.20,-0.01%,"13,731.97","13,730.61","13,733.76","238,012"
18-May-2023,19:51,"13,732.64",-6.52,-0.05%,"13,739.13","13,732.64","13,739.13","216,510"
18-May-2023,19:50,"13,739.16",-0.07,-0.00%,"13,739.22","13,737.64","13,740.79","187,668"
18-May-2023,19:49,"13,739.23",-1.22,-0.01%,"13,740.61","13,738.72","13,741.47","175,583"
18-May-2023,19:48,"13,740.45",+3.40,+0.02%,"13,737.10","13,737.10","13,741.34","193,200"
18-May-2023,19:47,"13,737.05",+8.30,+0.06%,"13,729.19","13,729.19","13,737.08","219,559"
18-May-2023,19:46,"13,728.75",-8.40,-0.06%,"13,736.99","13,724.70","13,736.99","515,284"
18-May-2023,19:45,"13,737.14",-3.36,-0.02%,"13,740.63","13,737.00","13,741.00","190,754"
18-May-2023,19:44,"13,740.51",-0.33,-0.00%,"13,740.62","13,739.61","13,741.56","227,329"
18-May-2023,19:43,"13,740.84",-6.72,-0.05%,"13,746.83","13,739.89","13,747.25","231,376"
18-May-2023,19:42,"13,747.56",-3.58,-0.03%,"13,751.16","13,745.61","13,751.16","172,917"
18-May-2023,19:41,"13,751.14",+3.13,+0.02%,"13,747.88","13,744.43","13,751.14","274,802"
18-May-2023,19:40,"13,748.01",-3.00,-0.02%,"13,750.58","13,746.41","13,750.58","288,696"
18-May-2023,19:39,"13,751.02",-2.70,-0.02%,"13,753.70","13,750.48","13,754.89","177,041"
18-May-2023,19:38,"13,753.72",-6.19,-0.04%,"13,760.39","13,752.75","13,761.43","287,686"
18-May-2023,19:37,"13,759.91",+0.91,+0.01%,"13,759.00","13,758.28","13,761.55","191,862"
18-May-2023,19:36,"13,759.00",+0.67,+0.00%,"13,758.20","13,756.35","13,759.96","161,642"
18-May-2023,19:35,"13,758.33",-1.20,-0.01%,"13,759.61","13,755.73","13,759.71","162,479"
18-May-2023,19:34,"13,759.53",+4.50,+0.03%,"13,755.99","13,754.83","13,759.64","193,408"
18-May-2023,19:33,"13,755.03",+2.21,+0.02%,"13,753.52","13,750.17","13,757.19","219,555"
18-May-2023,19:32,"13,752.82",+0.23,+0.00%,"13,753.54","13,750.75","13,758.14","259,616"
18-May-2023,19:31,"13,752.60",+5.61,+0.04%,"13,746.69","13,742.55","13,752.87","289,552"
18-May-2023,19:30,"13,746.99",-19.62,-0.14%,"13,765.97","13,746.82","13,768.02","504,213"
18-May-2023,19:29,"13,766.61",-15.52,-0.11%,"13,782.19","13,759.80","13,782.53","1,282,722"
18-May-2023,19:28,"13,782.13",-1.32,-0.01%,"13,783.56","13,780.35","13,783.97","287,901"
18-May-2023,19:27,"13,783.45",+6.76,+0.05%,"13,776.74","13,776.74","13,783.89","343,395"
18-May-2023,19:26,"13,776.70",+2.28,+0.02%,"13,774.40","13,773.21","13,776.94","231,199"
18-May-2023,19:25,"13,774.41",+3.03,+0.02%,"13,771.37","13,770.87","13,774.50","378,440"
18-May-2023,19:24,"13,771.39",+1.28,+0.01%,"13,770.25","13,768.70","13,771.39","269,340"
18-May-2023,19:23,"13,770.10",+0.67,+0.00%,"13,769.40","13,768.89","13,770.54","259,964"
18-May-2023,19:22,"13,769.43",+3.83,+0.03%,"13,765.55","13,765.40","13,769.73","218,709"
18-May-2023,19:21,"13,765.60",+2.00,+0.01%,"13,763.72","13,763.57","13,765.61","226,385"
18-May-2023,19:20,"13,763.60",+0.12,+0.00%,"13,763.69","13,763.46","13,765.50","256,175"
18-May-2023,19:19,"13,763.49",+6.31,+0.05%,"13,757.18","13,757.13","13,763.49","303,082"
18-May-2023,19:18,"13,757.18",+1.26,+0.01%,"13,756.38","13,754.63","13,757.18","179,297"
18-May-2023,19:17,"13,755.93",+2.14,+0.02%,"13,753.53","13,752.96","13,756.00","252,552"
18-May-2023,19:16,"13,753.79",+6.75,+0.05%,"13,747.25","13,747.12","13,753.91","261,240"
18-May-2023,19:15,"13,747.04",+1.29,+0.01%,"13,745.87","13,745.19","13,747.25","175,906"
18-May-2023,19:14,"13,745.75",-8.53,-0.06%,"13,754.30","13,745.43","13,754.30","257,048"
18-May-2023,19:13,"13,754.28",+0.25,+0.00%,"13,753.99","13,752.91","13,755.98","193,269"
18-May-2023,19:12,"13,754.03",+1.99,+0.01%,"13,752.49","13,751.83","13,754.88","210,720"
18-May-2023,19:11,"13,752.04",-4.86,-0.04%,"13,756.93","13,751.30","13,756.93","209,731"
18-May-2023,19:10,"13,756.90",+2.53,+0.02%,"13,754.32","13,752.98","13,757.27","207,741"
18-May-2023,19:09,"13,754.37",+3.11,+0.02%,"13,751.40","13,749.80","13,754.53","201,349"
18-May-2023,19:08,"13,751.26",-0.37,-0.00%,"13,751.67","13,749.67","13,751.86","153,200"
18-May-2023,19:07,"13,751.63",-2.16,-0.02%,"13,753.78","13,749.29","13,756.21","273,070"
18-May-2023,19:06,"13,753.78",+2.30,+0.02%,"13,751.42","13,750.76","13,755.34","283,988"
18-May-2023,19:05,"13,751.48",+0.04,+0.00%,"13,751.67","13,750.82","13,752.01","182,177"
18-May-2023,19:04,"13,751.44",-1.38,-0.01%,"13,753.61","13,746.22","13,753.61","231,661"
18-May-2023,19:03,"13,752.82",+1.37,+0.01%,"13,751.56","13,750.82","13,753.31","201,189"
18-May-2023,19:02,"13,751.45",+2.58,+0.02%,"13,748.90","13,745.58","13,751.45","370,357"
18-May-2023,19:01,"13,748.87",+10.58,+0.08%,"13,738.41","13,738.41","13,749.00","357,045"
18-May-2023,19:00,"13,738.29",+7.12,+0.05%,"13,731.02","13,730.38","13,738.87","206,886"
18-May-2023,18:59,"13,731.18",-1.04,-0.01%,"13,732.20","13,730.68","13,733.21","188,686"
18-May-2023,18:58,"13,732.22",+1.07,+0.01%,"13,732.38","13,731.88","13,737.29","299,570"
18-May-2023,18:57,"13,731.15",-1.21,-0.01%,"13,730.88","13,723.93","13,732.95","492,665"
18-May-2023,18:56,"13,732.36",-9.60,-0.07%,"13,742.06","13,731.96","13,742.71","294,064"
18-May-2023,18:55,"13,741.96",+2.49,+0.02%,"13,739.24","13,739.24","13,743.32","259,196"
18-May-2023,18:54,"13,739.47",-0.85,-0.01%,"13,740.54","13,738.51","13,740.74","247,083"
18-May-2023,18:53,"13,740.32",+5.80,+0.04%,"13,734.76","13,732.75","13,741.33","306,592"
18-May-2023,18:52,"13,734.52",+0.79,+0.01%,"13,733.83","13,733.06","13,734.99","249,168"
18-May-2023,18:51,"13,733.74",-5.27,-0.04%,"13,739.25","13,732.34","13,739.25","244,242"
18-May-2023,18:50,"13,739.01",+3.14,+0.02%,"13,735.77","13,734.65","13,739.01","192,434"
18-May-2023,18:49,"13,735.86",-2.92,-0.02%,"13,739.26","13,735.12","13,739.26","292,399"
18-May-2023,18:48,"13,738.79",+7.15,+0.05%,"13,731.68","13,730.17","13,738.79","323,427"
18-May-2023,18:47,"13,731.64",-7.04,-0.05%,"13,739.31","13,731.64","13,739.31","239,532"
18-May-2023,18:46,"13,738.68",+2.66,+0.02%,"13,735.87","13,735.87","13,739.20","210,114"
18-May-2023,18:45,"13,736.02",+10.86,+0.08%,"13,725.50","13,725.07","13,736.42","468,617"
18-May-2023,18:44,"13,725.16",-8.82,-0.06%,"13,733.97","13,725.14","13,733.97","285,090"
18-May-2023,18:43,"13,733.99",-3.92,-0.03%,"13,737.82","13,733.46","13,737.82","189,513"
18-May-2023,18:42,"13,737.91",+5.43,+0.04%,"13,733.53","13,733.45","13,738.53","237,086"
18-May-2023,18:41,"13,732.48",-1.63,-0.01%,"13,734.04","13,732.48","13,737.25","200,754"
18-May-2023,18:40,"13,734.10",-3.78,-0.03%,"13,738.31","13,732.88","13,738.99","274,243"
18-May-2023,18:39,"13,737.88",+4.58,+0.03%,"13,733.99","13,733.88","13,739.61","211,197"
18-May-2023,18:38,"13,733.31",-5.06,-0.04%,"13,738.17","13,729.71","13,738.17","277,529"
18-May-2023,18:37,"13,738.37",-0.15,-0.00%,"13,738.61","13,735.70","13,741.55","281,219"
18-May-2023,18:36,"13,738.52",-0.74,-0.01%,"13,738.98","13,736.96","13,740.76","223,237"
18-May-2023,18:35,"13,739.26",+3.06,+0.02%,"13,736.40","13,734.33","13,739.35","210,589"
18-May-2023,18:34,"13,736.20",-0.69,-0.01%,"13,736.86","13,735.61","13,738.06","192,886"
18-May-2023,18:33,"13,736.89",+1.94,+0.01%,"13,735.09","13,734.05","13,738.35","217,856"
18-May-2023,18:32,"13,734.95",+1.99,+0.01%,"13,733.40","13,731.11","13,738.04","407,256"
18-May-2023,18:31,"13,732.96",+3.13,+0.02%,"13,729.91","13,726.04","13,733.01","253,144"
18-May-2023,18:30,"13,729.83",+2.58,+0.02%,"13,727.76","13,723.69","13,730.05","225,828"
18-May-2023,18:29,"13,727.25",-4.13,-0.03%,"13,731.30","13,724.15","13,731.30","282,408"
18-May-2023,18:28,"13,731.38",-0.02,-0.00%,"13,731.50","13,728.15","13,731.70","240,637"
18-May-2023,18:27,"13,731.40",+8.21,+0.06%,"13,723.07","13,722.71","13,731.40","288,957"
18-May-2023,18:26,"13,723.19",-12.62,-0.09%,"13,735.69","13,722.44","13,738.73","570,304"
18-May-2023,18:25,"13,735.81",+3.19,+0.02%,"13,732.59","13,731.44","13,737.18","238,370"
18-May-2023,18:24,"13,732.62",-3.13,-0.02%,"13,736.50","13,732.19","13,737.01","245,829"
18-May-2023,18:23,"13,735.75",+8.78,+0.06%,"13,726.87","13,725.96","13,735.75","420,276"
18-May-2023,18:22,"13,726.97",-9.16,-0.07%,"13,735.95","13,726.97","13,736.65","349,796"
18-May-2023,18:21,"13,736.13",-3.14,-0.02%,"13,739.30","13,733.35","13,739.30","444,397"
18-May-2023,18:20,"13,739.27",-4.25,-0.03%,"13,743.46","13,738.55","13,743.46","292,761"
18-May-2023,18:19,"13,743.52",+4.14,+0.03%,"13,739.60","13,739.60","13,749.19","491,795"
18-May-2023,18:18,"13,739.38",-3.05,-0.02%,"13,740.93","13,739.20","13,743.90","274,586"
18-May-2023,18:17,"13,742.43",+7.31,+0.05%,"13,735.39","13,735.39","13,743.02","309,320"
18-May-2023,18:16,"13,735.13",-1.89,-0.01%,"13,736.49","13,725.98","13,736.49","568,265"
18-May-2023,18:15,"13,737.02",-11.94,-0.09%,"13,748.67","13,737.02","13,748.67","434,510"
18-May-2023,18:14,"13,748.96",-15.76,-0.11%,"13,765.26","13,748.96","13,766.49","729,409"
18-May-2023,18:13,"13,764.72",+7.41,+0.05%,"13,757.37","13,757.37","13,764.72","309,164"
18-May-2023,18:12,"13,757.31",+2.14,+0.02%,"13,755.19","13,754.07","13,757.31","209,086"
18-May-2023,18:11,"13,755.17",+0.93,+0.01%,"13,754.16","13,752.65","13,756.81","315,906"
18-May-2023,18:10,"13,754.24",+1.46,+0.01%,"13,752.57","13,751.60","13,757.74","249,708"
18-May-2023,18:09,"13,752.78",+5.92,+0.04%,"13,748.04","13,747.17","13,755.17","431,635"
18-May-2023,18:08,"13,746.86",-7.34,-0.05%,"13,754.10","13,744.94","13,754.10","482,643"
18-May-2023,18:07,"13,754.19",-3.02,-0.02%,"13,757.58","13,754.19","13,759.53","267,516"
18-May-2023,18:06,"13,757.21",-12.30,-0.09%,"13,769.38","13,755.26","13,770.61","676,784"
18-May-2023,18:05,"13,769.51",-1.02,-0.01%,"13,770.53","13,766.45","13,770.69","278,511"
18-May-2023,18:04,"13,770.53",+3.24,+0.02%,"13,768.04","13,767.36","13,771.33","317,495"
18-May-2023,18:03,"13,767.30",+0.25,+0.00%,"13,766.84","13,766.84","13,772.09","332,626"
18-May-2023,18:02,"13,767.05",-0.90,-0.01%,"13,767.77","13,765.48","13,769.96","301,217"
18-May-2023,18:01,"13,767.95",-1.42,-0.01%,"13,769.25","13,765.77","13,770.23","295,902"
18-May-2023,18:00,"13,769.37",+7.38,+0.05%,"13,762.04","13,761.14","13,769.37","410,034"
18-May-2023,17:59,"13,761.99",-12.63,-0.09%,"13,774.84","13,761.99","13,774.84","406,577"
18-May-2023,17:58,"13,774.61",-3.79,-0.03%,"13,778.64","13,767.29","13,781.76","651,203"
18-May-2023,17:57,"13,778.40",-20.75,-0.15%,"13,799.15","13,778.18","13,799.15","843,001"
18-May-2023,17:56,"13,799.15",+1.39,+0.01%,"13,797.85","13,796.55","13,799.69","427,763"
18-May-2023,17:55,"13,797.75",-0.32,-0.00%,"13,797.23","13,795.73","13,798.74","356,934"
18-May-2023,17:54,"13,798.07",+0.01,+0.00%,"13,797.94","13,797.79","13,800.82","411,003"
18-May-2023,17:53,"13,798.06",+4.48,+0.03%,"13,794.27","13,794.27","13,798.56","539,386"
18-May-2023,17:52,"13,793.58",-1.16,-0.01%,"13,794.76","13,791.83","13,794.94","347,817"
18-May-2023,17:51,"13,794.74",+1.47,+0.01%,"13,793.16","13,793.16","13,794.90","374,128"
18-May-2023,17:50,"13,793.27",-2.24,-0.02%,"13,796.05","13,792.53","13,798.16","654,894"
18-May-2023,17:49,"13,795.51",+6.53,+0.05%,"13,788.77","13,788.71","13,795.87","461,318"
18-May-2023,17:48,"13,788.99",-0.88,-0.01%,"13,789.84","13,787.65","13,790.49","397,008"
18-May-2023,17:47,"13,789.86",+8.75,+0.06%,"13,781.25","13,781.25","13,789.86","469,944"
18-May-2023,17:46,"13,781.11",+3.86,+0.03%,"13,777.02","13,776.90","13,781.18","395,402"
18-May-2023,17:45,"13,777.26",-1.56,-0.01%,"13,778.92","13,777.23","13,781.01","318,676"
18-May-2023,17:44,"13,778.81",+1.40,+0.01%,"13,777.35","13,776.57","13,779.75","360,422"
18-May-2023,17:43,"13,777.42",+4.10,+0.03%,"13,773.59","13,772.24","13,777.57","346,079"
18-May-2023,17:42,"13,773.32",+1.17,+0.01%,"13,772.73","13,771.17","13,774.21","384,894"
18-May-2023,17:41,"13,772.15",+2.08,+0.02%,"13,769.86","13,768.24","13,772.39","335,473"
18-May-2023,17:40,"13,770.07",-2.61,-0.02%,"13,772.64","13,769.41","13,773.66","318,509"
18-May-2023,17:39,"13,772.67",-1.46,-0.01%,"13,774.28","13,772.05","13,776.79","456,104"
18-May-2023,17:38,"13,774.14",+2.55,+0.02%,"13,771.91","13,771.81","13,775.24","361,586"
18-May-2023,17:37,"13,771.59",+9.66,+0.07%,"13,761.78","13,761.78","13,771.59","300,350"
18-May-2023,17:36,"13,761.93",-2.60,-0.02%,"13,764.55","13,761.93","13,764.82","366,359"
18-May-2023,17:35,"13,764.53",-2.49,-0.02%,"13,767.24","13,764.06","13,768.08","394,354"
18-May-2023,17:34,"13,767.02",+3.97,+0.03%,"13,763.72","13,761.79","13,767.02","418,528"
18-May-2023,17:33,"13,763.04",-0.33,-0.00%,"13,763.31","13,763.02","13,766.28","362,295"
18-May-2023,17:32,"13,763.37",+1.32,+0.01%,"13,761.95","13,760.16","13,764.45","472,149"
18-May-2023,17:31,"13,762.05",-4.64,-0.03%,"13,767.00","13,762.05","13,768.69","381,418"
18-May-2023,17:30,"13,766.69",-5.30,-0.04%,"13,772.23","13,766.09","13,772.86","472,633"
18-May-2023,17:29,"13,771.99",+8.12,+0.06%,"13,763.67","13,763.50","13,771.99","408,763"
18-May-2023,17:28,"13,763.87",+3.29,+0.02%,"13,760.61","13,759.50","13,764.49","456,389"
18-May-2023,17:27,"13,760.58",+6.92,+0.05%,"13,753.67","13,753.67","13,760.89","432,812"
18-May-2023,17:26,"13,753.66",-7.88,-0.06%,"13,761.69","13,753.66","13,761.85","400,768"
18-May-2023,17:25,"13,761.54",+2.12,+0.02%,"13,759.30","13,758.87","13,761.54","314,508"
18-May-2023,17:24,"13,759.42",+6.14,+0.04%,"13,752.91","13,752.91","13,759.42","383,207"
18-May-2023,17:23,"13,753.28",-7.61,-0.06%,"13,760.86","13,751.53","13,760.86","414,187"
18-May-2023,17:22,"13,760.89",+0.01,+0.00%,"13,760.58","13,760.58","13,763.12","340,701"
18-May-2023,17:21,"13,760.88",+2.85,+0.02%,"13,758.04","13,758.04","13,761.71","380,545"
18-May-2023,17:20,"13,758.03",-2.65,-0.02%,"13,760.80","13,756.27","13,760.85","395,831"
18-May-2023,17:19,"13,760.68",+1.86,+0.01%,"13,758.55","13,757.10","13,760.68","342,955"
18-May-2023,17:18,"13,758.82",-1.53,-0.01%,"13,760.68","13,758.68","13,762.96","369,061"
18-May-2023,17:17,"13,760.35",-0.68,-0.00%,"13,761.06","13,758.54","13,761.06","356,283"
18-May-2023,17:16,"13,761.02",+3.57,+0.03%,"13,757.76","13,757.41","13,761.06","393,861"
18-May-2023,17:15,"13,757.45",-3.29,-0.02%,"13,760.67","13,756.41","13,760.84","375,435"
18-May-2023,17:14,"13,760.74",-4.02,-0.03%,"13,765.02","13,760.74","13,765.24","424,367"
18-May-2023,17:13,"13,764.76",+0.10,+0.00%,"13,764.07","13,761.97","13,764.76","400,833"
18-May-2023,17:12,"13,764.66",-4.40,-0.03%,"13,769.50","13,764.54","13,770.78","448,575"
18-May-2023,17:11,"13,769.06",+1.31,+0.01%,"13,767.84","13,767.39","13,769.91","332,734"
18-May-2023,17:10,"13,767.75",+1.98,+0.01%,"13,765.69","13,764.79","13,768.13","415,467"
18-May-2023,17:09,"13,765.77",+2.97,+0.02%,"13,762.77","13,761.84","13,765.77","364,996"
18-May-2023,17:08,"13,762.80",+0.57,+0.00%,"13,762.11","13,761.10","13,765.24","486,500"
18-May-2023,17:07,"13,762.24",+1.72,+0.01%,"13,760.31","13,759.60","13,763.81","359,222"
18-May-2023,17:06,"13,760.52",-0.04,-0.00%,"13,760.38","13,757.98","13,763.20","545,737"
18-May-2023,17:05,"13,760.56",+1.77,+0.01%,"13,759.20","13,758.27","13,760.56","346,832"
18-May-2023,17:04,"13,758.79",+3.17,+0.02%,"13,756.07","13,755.92","13,759.41","526,403"
18-May-2023,17:03,"13,755.62",+7.18,+0.05%,"13,748.47","13,748.47","13,755.73","471,152"
18-May-2023,17:02,"13,748.45",+9.95,+0.07%,"13,738.52","13,738.29","13,748.45","573,028"
18-May-2023,17:01,"13,738.49",+7.81,+0.06%,"13,730.86","13,729.13","13,738.49","438,373"
18-May-2023,17:00,"13,730.69",+4.73,+0.03%,"13,725.91","13,725.91","13,731.05","417,411"
18-May-2023,16:59,"13,725.96",+2.64,+0.02%,"13,723.54","13,721.63","13,726.12","344,060"
18-May-2023,16:58,"13,723.32",+1.08,+0.01%,"13,722.10","13,720.15","13,723.32","339,459"
18-May-2023,16:57,"13,722.24",-7.16,-0.05%,"13,729.52","13,722.14","13,731.24","449,324"
18-May-2023,16:56,"13,729.40",+2.31,+0.02%,"13,727.05","13,726.54","13,730.96","412,415"
18-May-2023,16:55,"13,727.09",+2.01,+0.01%,"13,725.21","13,724.90","13,727.97","351,186"
18-May-2023,16:54,"13,725.08",+5.18,+0.04%,"13,720.15","13,720.15","13,725.86","455,458"
18-May-2023,16:53,"13,719.90",+2.76,+0.02%,"13,717.02","13,715.94","13,720.27","355,497"
18-May-2023,16:52,"13,717.14",-7.09,-0.05%,"13,724.26","13,717.14","13,724.26","361,645"
18-May-2023,16:51,"13,724.23",-4.91,-0.04%,"13,729.37","13,724.23","13,729.37","351,086"
18-May-2023,16:50,"13,729.14",+6.52,+0.05%,"13,722.69","13,722.11","13,729.20","419,882"
18-May-2023,16:49,"13,722.62",+4.54,+0.03%,"13,718.28","13,718.28","13,722.62","399,698"
18-May-2023,16:48,"13,718.08",+3.00,+0.02%,"13,715.53","13,714.36","13,718.33","538,325"
18-May-2023,16:47,"13,715.08",+8.65,+0.06%,"13,706.13","13,705.63","13,715.20","461,471"
18-May-2023,16:46,"13,706.43",-3.91,-0.03%,"13,710.30","13,705.98","13,710.30","373,751"
18-May-2023,16:45,"13,710.34",-4.76,-0.03%,"13,714.88","13,707.94","13,715.05","543,137"
18-May-2023,16:44,"13,715.10",-7.35,-0.05%,"13,722.53","13,715.10","13,723.30","420,399"
18-May-2023,16:43,"13,722.45",-3.15,-0.02%,"13,726.18","13,722.22","13,726.18","420,599"
18-May-2023,16:42,"13,725.60",-1.38,-0.01%,"13,726.68","13,724.67","13,727.08","397,991"
18-May-2023,16:41,"13,726.99",-3.75,-0.03%,"13,730.86","13,726.22","13,730.86","471,637"
18-May-2023,16:40,"13,730.74",+7.94,+0.06%,"13,723.07","13,722.37","13,730.98","454,851"
18-May-2023,16:39,"13,722.80",-3.27,-0.02%,"13,725.92","13,722.80","13,726.22","392,075"
18-May-2023,16:38,"13,726.07",-0.24,-0.00%,"13,726.12","13,724.42","13,727.75","459,341"
18-May-2023,16:37,"13,726.31",-1.13,-0.01%,"13,727.13","13,725.25","13,730.24","575,699"
18-May-2023,16:36,"13,727.44",-7.17,-0.05%,"13,735.48","13,727.04","13,735.49","728,167"
18-May-2023,16:35,"13,734.61",+2.62,+0.02%,"13,732.12","13,730.25","13,734.88","600,896"
18-May-2023,16:34,"13,731.99",+1.23,+0.01%,"13,730.77","13,729.86","13,733.01","651,004"
18-May-2023,16:33,"13,730.76",-2.23,-0.02%,"13,733.06","13,730.67","13,735.35","486,761"
18-May-2023,16:32,"13,732.99",+1.81,+0.01%,"13,731.16","13,727.78","13,733.25","609,578"
18-May-2023,16:31,"13,731.18",+11.69,+0.09%,"13,719.96","13,719.96","13,732.02","597,659"
18-May-2023,16:30,"13,719.48",+1.63,+0.01%,"13,718.68","13,717.93","13,720.54","483,495"
18-May-2023,16:29,"13,717.86",+6.58,+0.05%,"13,711.08","13,710.56","13,718.31","563,857"
18-May-2023,16:28,"13,711.27",+3.33,+0.02%,"13,708.36","13,707.17","13,712.54","488,717"
18-May-2023,16:27,"13,707.95",-2.86,-0.02%,"13,710.89","13,705.62","13,713.85","694,310"
18-May-2023,16:26,"13,710.81",-0.15,-0.00%,"13,711.41","13,708.52","13,712.11","572,211"
18-May-2023,16:25,"13,710.96",-2.44,-0.02%,"13,713.09","13,710.01","13,713.09","403,785"
18-May-2023,16:24,"13,713.41",-0.76,-0.01%,"13,713.58","13,709.47","13,713.58","448,848"
18-May-2023,16:23,"13,714.16",+4.91,+0.04%,"13,708.79","13,708.79","13,714.16","872,888"
18-May-2023,16:22,"13,709.25",+11.46,+0.08%,"13,698.28","13,697.68","13,709.25","691,979"
18-May-2023,16:21,"13,697.79",+9.17,+0.07%,"13,689.07","13,689.07","13,698.49","749,636"
18-May-2023,16:20,"13,688.62",+0.20,+0.00%,"13,688.84","13,687.19","13,692.56","461,855"
18-May-2023,16:19,"13,688.42",-1.88,-0.01%,"13,690.91","13,683.38","13,690.91","572,797"
18-May-2023,16:18,"13,690.30",+9.86,+0.07%,"13,680.83","13,679.93","13,690.30","573,631"
18-May-2023,16:17,"13,680.44",+1.41,+0.01%,"13,678.79","13,677.14","13,680.73","546,921"
18-May-2023,16:16,"13,679.04",+0.34,+0.00%,"13,679.16","13,673.92","13,679.71","500,046"
18-May-2023,16:15,"13,678.69",+2.13,+0.02%,"13,676.66","13,676.66","13,679.85","371,366"
18-May-2023,16:14,"13,676.56",-8.03,-0.06%,"13,684.70","13,676.56","13,685.50","486,731"
18-May-2023,16:13,"13,684.60",-1.07,-0.01%,"13,685.52","13,681.89","13,688.23","438,192"
18-May-2023,16:12,"13,685.67",+2.87,+0.02%,"13,683.96","13,683.88","13,688.71","534,114"
18-May-2023,16:11,"13,682.80",+3.04,+0.02%,"13,679.54","13,678.89","13,682.80","573,570"
18-May-2023,16:10,"13,679.76",+0.36,+0.00%,"13,679.95","13,677.96","13,682.93","506,793"
18-May-2023,16:09,"13,679.40",+3.55,+0.03%,"13,676.07","13,674.84","13,679.68","538,548"
18-May-2023,16:08,"13,675.85",+0.37,+0.00%,"13,675.47","13,671.85","13,679.18","627,676"
18-May-2023,16:07,"13,675.48",+12.97,+0.09%,"13,661.88","13,660.87","13,675.48","639,680"
18-May-2023,16:06,"13,662.52",+5.85,+0.04%,"13,656.82","13,655.68","13,663.96","784,600"
18-May-2023,16:05,"13,656.67",+1.19,+0.01%,"13,655.95","13,654.74","13,657.88","592,291"
18-May-2023,16:04,"13,655.48",+1.09,+0.01%,"13,654.47","13,653.06","13,659.19","514,609"
18-May-2023,16:03,"13,654.39",+3.24,+0.02%,"13,650.33","13,650.33","13,656.26","516,524"
18-May-2023,16:02,"13,651.15",-5.78,-0.04%,"13,654.46","13,650.46","13,654.52","577,874"
18-May-2023,16:01,"13,656.93",-4.58,-0.03%,"13,661.89","13,656.85","13,664.24","559,706"
18-May-2023,16:00,"13,661.52",-0.74,-0.01%,"13,662.71","13,657.44","13,662.71","408,047"
18-May-2023,15:59,"13,662.25",-1.92,-0.01%,"13,662.96","13,659.50","13,664.94","436,742"
18-May-2023,15:58,"13,664.18",+7.13,+0.05%,"13,656.81","13,656.34","13,664.43","471,385"
18-May-2023,15:57,"13,657.05",+6.35,+0.05%,"13,652.70","13,652.70","13,657.34","560,513"
18-May-2023,15:56,"13,650.70",-1.38,-0.01%,"13,652.26","13,648.07","13,653.06","521,472"
18-May-2023,15:55,"13,652.09",+0.17,+0.00%,"13,651.76","13,648.90","13,652.49","469,887"
18-May-2023,15:54,"13,651.92",+1.81,+0.01%,"13,650.64","13,647.77","13,652.89","460,542"
18-May-2023,15:53,"13,650.11",-4.70,-0.03%,"13,654.85","13,649.09","13,657.94","529,475"
18-May-2023,15:52,"13,654.82",+10.28,+0.08%,"13,645.68","13,645.68","13,656.78","697,013"
18-May-2023,15:51,"13,644.54",-6.18,-0.05%,"13,650.49","13,640.93","13,650.49","972,676"
18-May-2023,15:50,"13,650.72",-7.93,-0.06%,"13,658.50","13,650.72","13,661.73","777,448"
18-May-2023,15:49,"13,658.64",+1.60,+0.01%,"13,657.48","13,653.19","13,658.97","822,604"
18-May-2023,15:48,"13,657.04",+4.05,+0.03%,"13,654.05","13,651.76","13,657.20","673,116"
18-May-2023,15:47,"13,653.00",+1.22,+0.01%,"13,652.07","13,651.87","13,655.73","711,713"
18-May-2023,15:46,"13,651.78",+0.68,+0.01%,"13,651.62","13,648.27","13,654.10","757,755"
18-May-2023,15:45,"13,651.10",+8.91,+0.07%,"13,641.71","13,641.71","13,654.54","696,890"
18-May-2023,15:44,"13,642.19",-9.51,-0.07%,"13,652.19","13,640.45","13,652.67","796,107"
18-May-2023,15:43,"13,651.70",-4.76,-0.03%,"13,656.85","13,650.73","13,656.85","942,108"
18-May-2023,15:42,"13,656.46",+6.27,+0.05%,"13,649.97","13,648.22","13,657.76","782,348"
18-May-2023,15:41,"13,650.19",-3.01,-0.02%,"13,653.41","13,645.93","13,653.41","851,243"
18-May-2023,15:40,"13,653.19",+5.07,+0.04%,"13,647.58","13,645.41","13,655.46","770,532"
18-May-2023,15:39,"13,648.12",+9.76,+0.07%,"13,638.09","13,636.70","13,648.53","701,547"
18-May-2023,15:38,"13,638.37",+1.82,+0.01%,"13,637.20","13,636.16","13,639.78","847,403"
18-May-2023,15:37,"13,636.55",+8.56,+0.06%,"13,627.23","13,626.61","13,636.87","771,549"
18-May-2023,15:36,"13,627.99",+1.58,+0.01%,"13,625.63","13,625.32","13,631.64","1,029,475"
18-May-2023,15:35,"13,626.41",+0.21,+0.00%,"13,626.56","13,624.21","13,630.98","897,918"
18-May-2023,15:34,"13,626.20",+4.79,+0.04%,"13,620.74","13,617.69","13,626.63","679,674"
18-May-2023,15:33,"13,621.42",+4.88,+0.04%,"13,615.91","13,614.39","13,621.42","806,580"
18-May-2023,15:32,"13,616.54",+2.61,+0.02%,"13,613.90","13,612.54","13,617.96","1,113,893"
18-May-2023,15:31,"13,613.93",+24.67,+0.18%,"13,608.95","13,606.81","13,616.57","10,047,871"
17-May-2023,22:00,"13,588.32",+4.54,+0.03%,"13,583.09","13,580.41","13,588.32","6,267,434"
17-May-2023,21:59,"13,583.78",-7.25,-0.05%,"13,591.04","13,583.71","13,591.04","2,773,599"
17-May-2023,21:58,"13,591.03",-4.10,-0.03%,"13,595.37","13,589.53","13,595.72","2,033,296"
17-May-2023,21:57,"13,595.13",-3.82,-0.03%,"13,598.70","13,595.13","13,598.70","1,566,654"
17-May-2023,21:56,"13,598.95",+2.81,+0.02%,"13,597.27","13,596.29","13,600.72","1,884,806"
17-May-2023,21:55,"13,596.14",+3.20,+0.02%,"13,597.62","13,595.90","13,598.01","1,431,076"
17-May-2023,21:54,"13,592.94",+2.37,+0.02%,"13,592.66","13,590.93","13,594.22","1,015,944"
17-May-2023,21:53,"13,590.57",-5.56,-0.04%,"13,594.62","13,588.91","13,594.62","972,935"
17-May-2023,21:52,"13,596.13",-4.80,-0.04%,"13,600.77","13,594.50","13,600.77","976,226"
17-May-2023,21:51,"13,600.93",+1.90,+0.01%,"13,601.64","13,599.67","13,602.27","1,196,848"
17-May-2023,21:50,"13,599.02",-0.40,-0.00%,"13,599.44","13,598.73","13,600.66","618,250"
17-May-2023,21:49,"13,599.42",+3.21,+0.02%,"13,595.83","13,594.99","13,599.42","557,551"
17-May-2023,21:48,"13,596.21",+0.05,+0.00%,"13,596.53","13,595.39","13,598.72","578,364"
17-May-2023,21:47,"13,596.17",+2.80,+0.02%,"13,593.65","13,592.85","13,596.85","623,358"
17-May-2023,21:46,"13,593.36",+6.91,+0.05%,"13,585.85","13,584.84","13,593.36","760,122"
17-May-2023,21:45,"13,586.46",-1.36,-0.01%,"13,588.33","13,585.95","13,588.85","524,021"
17-May-2023,21:44,"13,587.81",+4.92,+0.04%,"13,582.91","13,581.46","13,587.92","427,481"
17-May-2023,21:43,"13,582.89",-1.96,-0.01%,"13,584.93","13,582.14","13,587.76","823,662"
17-May-2023,21:42,"13,584.85",+6.21,+0.05%,"13,578.55","13,578.26","13,584.85","526,662"
17-May-2023,21:41,"13,578.64",+1.10,+0.01%,"13,577.56","13,575.94","13,578.64","614,961"
17-May-2023,21:40,"13,577.54",+2.22,+0.02%,"13,575.63","13,575.08","13,578.49","468,321"
17-May-2023,21:39,"13,575.32",+0.74,+0.01%,"13,574.54","13,572.64","13,575.32","420,557"
17-May-2023,21:38,"13,574.58",+0.48,+0.00%,"13,574.43","13,574.30","13,575.91","395,184"
17-May-2023,21:37,"13,574.10",-4.47,-0.03%,"13,578.65","13,572.79","13,581.06","720,528"
17-May-2023,21:36,"13,578.57",+0.75,+0.01%,"13,577.94","13,574.11","13,578.57","546,664"
17-May-2023,21:35,"13,577.82",-0.82,-0.01%,"13,578.69","13,577.81","13,580.03","388,560"
17-May-2023,21:34,"13,578.64",-7.61,-0.06%,"13,586.19","13,578.39","13,586.19","413,063"
17-May-2023,21:33,"13,586.25",-3.24,-0.02%,"13,589.38","13,586.25","13,589.39","387,201"
17-May-2023,21:32,"13,589.48",+4.60,+0.03%,"13,584.97","13,584.97","13,589.48","421,380"
17-May-2023,21:31,"13,584.89",+5.17,+0.04%,"13,579.97","13,579.02","13,584.95","395,795"
17-May-2023,21:30,"13,579.71",+2.48,+0.02%,"13,577.14","13,576.18","13,580.83","292,351"
17-May-2023,21:29,"13,577.23",-2.31,-0.02%,"13,579.61","13,577.08","13,580.39","291,616"
17-May-2023,21:28,"13,579.54",-2.06,-0.02%,"13,581.63","13,577.45","13,581.63","306,155"
17-May-2023,21:27,"13,581.60",-3.60,-0.03%,"13,585.17","13,581.36","13,585.85","275,026"
17-May-2023,21:26,"13,585.20",+2.80,+0.02%,"13,582.56","13,580.28","13,585.20","359,889"
17-May-2023,21:25,"13,582.40",-0.03,-0.00%,"13,582.33","13,581.29","13,583.47","296,932"
17-May-2023,21:24,"13,582.43",-3.35,-0.02%,"13,586.01","13,580.40","13,586.66","430,863"
17-May-2023,21:23,"13,585.78",-2.25,-0.02%,"13,587.74","13,585.36","13,587.74","261,769"
17-May-2023,21:22,"13,588.03",-7.98,-0.06%,"13,596.06","13,586.49","13,597.05","559,868"
17-May-2023,21:21,"13,596.00",-0.41,-0.00%,"13,596.45","13,593.64","13,596.45","261,772"
17-May-2023,21:20,"13,596.41",-5.19,-0.04%,"13,601.69","13,593.44","13,602.47","615,855"
17-May-2023,21:19,"13,601.61",+1.34,+0.01%,"13,600.10","13,599.76","13,602.10","343,954"
17-May-2023,21:18,"13,600.26",-0.55,-0.00%,"13,600.64","13,597.97","13,600.97","258,459"
17-May-2023,21:17,"13,600.81",+3.99,+0.03%,"13,597.87","13,597.31","13,600.83","301,427"
17-May-2023,21:16,"13,596.82",-1.23,-0.01%,"13,597.70","13,594.76","13,598.93","328,011"
17-May-2023,21:15,"13,598.05",+0.98,+0.01%,"13,597.76","13,597.76","13,600.70","301,476"
17-May-2023,21:14,"13,597.07",+0.29,+0.00%,"13,596.82","13,595.84","13,598.11","273,988"
17-May-2023,21:13,"13,596.78",-1.22,-0.01%,"13,598.18","13,596.41","13,600.40","305,383"
17-May-2023,21:12,"13,598.01",-2.69,-0.02%,"13,600.41","13,597.09","13,600.41","310,588"
17-May-2023,21:11,"13,600.69",+6.19,+0.05%,"13,594.08","13,593.89","13,600.94","350,897"
17-May-2023,21:10,"13,594.50",+2.72,+0.02%,"13,591.86","13,591.86","13,595.45","375,181"
17-May-2023,21:09,"13,591.79",-2.43,-0.02%,"13,594.26","13,590.92","13,594.34","244,256"
17-May-2023,21:08,"13,594.21",+1.48,+0.01%,"13,592.88","13,592.27","13,594.82","265,270"
17-May-2023,21:07,"13,592.74",+2.21,+0.02%,"13,590.47","13,588.97","13,592.74","282,973"
17-May-2023,21:06,"13,590.53",+7.54,+0.06%,"13,583.00","13,582.99","13,590.86","328,523"
17-May-2023,21:05,"13,582.99",+2.11,+0.02%,"13,581.48","13,581.48","13,583.65","295,223"
17-May-2023,21:04,"13,580.87",+6.70,+0.05%,"13,573.80","13,573.80","13,580.88","218,073"
17-May-2023,21:03,"13,574.17",-3.02,-0.02%,"13,577.13","13,574.17","13,577.13","180,051"
17-May-2023,21:02,"13,577.19",+10.89,+0.08%,"13,566.40","13,566.40","13,577.66","270,092"
17-May-2023,21:01,"13,566.30",-3.12,-0.02%,"13,569.31","13,562.27","13,570.17","368,184"
17-May-2023,21:00,"13,569.42",-3.82,-0.03%,"13,572.42","13,568.31","13,572.43","259,534"
17-May-2023,20:59,"13,573.24",+1.37,+0.01%,"13,571.84","13,571.83","13,574.23","195,647"
17-May-2023,20:58,"13,571.87",-1.87,-0.01%,"13,573.61","13,571.54","13,573.61","197,945"
17-May-2023,20:57,"13,573.73",-1.38,-0.01%,"13,575.07","13,572.28","13,575.36","197,722"
17-May-2023,20:56,"13,575.12",-1.16,-0.01%,"13,576.29","13,574.35","13,576.71","204,883"
17-May-2023,20:55,"13,576.28",+3.78,+0.03%,"13,572.62","13,572.62","13,577.19","200,678"
17-May-2023,20:54,"13,572.50",-2.22,-0.02%,"13,574.80","13,571.98","13,574.97","232,156"
17-May-2023,20:53,"13,574.73",-0.53,-0.00%,"13,575.29","13,573.88","13,575.88","159,238"
17-May-2023,20:52,"13,575.26",-10.33,-0.08%,"13,585.65","13,574.47","13,585.84","471,921"
17-May-2023,20:51,"13,585.59",-0.13,-0.00%,"13,585.72","13,584.29","13,586.45","232,912"
17-May-2023,20:50,"13,585.72",+2.43,+0.02%,"13,583.67","13,583.67","13,586.14","193,997"
17-May-2023,20:49,"13,583.29",+3.84,+0.03%,"13,579.65","13,579.11","13,583.29","306,383"
17-May-2023,20:48,"13,579.46",+1.58,+0.01%,"13,577.92","13,577.36","13,580.02","198,786"
17-May-2023,20:47,"13,577.88",+2.67,+0.02%,"13,575.45","13,575.41","13,579.15","245,717"
17-May-2023,20:46,"13,575.21",-0.16,-0.00%,"13,575.52","13,569.48","13,575.52","345,110"
17-May-2023,20:45,"13,575.37",+0.94,+0.01%,"13,574.46","13,574.31","13,575.79","218,484"
17-May-2023,20:44,"13,574.43",-9.54,-0.07%,"13,583.93","13,574.39","13,584.07","308,592"
17-May-2023,20:43,"13,583.97",-1.57,-0.01%,"13,585.42","13,583.10","13,585.42","187,299"
17-May-2023,20:42,"13,585.54",-0.68,-0.01%,"13,586.21","13,584.32","13,586.74","262,745"
17-May-2023,20:41,"13,586.22",+0.60,+0.00%,"13,585.54","13,585.49","13,587.32","169,415"
17-May-2023,20:40,"13,585.61",-4.85,-0.04%,"13,590.49","13,585.46","13,590.49","217,662"
17-May-2023,20:39,"13,590.47",+0.27,+0.00%,"13,590.42","13,590.12","13,591.86","185,250"
17-May-2023,20:38,"13,590.19",+1.12,+0.01%,"13,588.87","13,588.51","13,590.76","196,061"
17-May-2023,20:37,"13,589.08",+0.41,+0.00%,"13,588.84","13,585.79","13,589.96","355,992"
17-May-2023,20:36,"13,588.66",+6.80,+0.05%,"13,581.90","13,581.90","13,588.66","332,172"
17-May-2023,20:35,"13,581.86",-5.66,-0.04%,"13,587.31","13,580.59","13,587.34","340,546"
17-May-2023,20:34,"13,587.52",-2.62,-0.02%,"13,590.24","13,587.45","13,590.80","184,733"
17-May-2023,20:33,"13,590.14",-2.96,-0.02%,"13,593.47","13,590.14","13,593.63","233,858"
17-May-2023,20:32,"13,593.11",-2.67,-0.02%,"13,595.79","13,592.56","13,595.79","308,745"
17-May-2023,20:31,"13,595.78",+1.53,+0.01%,"13,594.58","13,594.58","13,596.74","252,784"
17-May-2023,20:30,"13,594.24",-0.90,-0.01%,"13,595.22","13,593.83","13,596.33","223,421"
17-May-2023,20:29,"13,595.14",-0.30,-0.00%,"13,594.57","13,593.21","13,596.06","261,039"
17-May-2023,20:28,"13,595.44",+0.17,+0.00%,"13,595.15","13,594.61","13,596.30","220,349"
17-May-2023,20:27,"13,595.27",-2.85,-0.02%,"13,598.36","13,594.74","13,598.36","203,605"
17-May-2023,20:26,"13,598.12",-5.77,-0.04%,"13,603.88","13,598.12","13,603.88","233,667"
17-May-2023,20:25,"13,603.89",+3.83,+0.03%,"13,600.07","13,598.98","13,603.89","309,797"
17-May-2023,20:24,"13,600.06",+3.54,+0.03%,"13,596.62","13,596.62","13,600.06","192,412"
17-May-2023,20:23,"13,596.51",-2.34,-0.02%,"13,599.07","13,595.98","13,599.07","201,774"
17-May-2023,20:22,"13,598.86",+2.23,+0.02%,"13,596.60","13,596.16","13,598.86","197,098"
17-May-2023,20:21,"13,596.63",-0.32,-0.00%,"13,596.93","13,595.91","13,597.32","196,365"
17-May-2023,20:20,"13,596.95",+2.96,+0.02%,"13,594.20","13,594.20","13,598.57","354,291"
17-May-2023,20:19,"13,593.98",-0.25,-0.00%,"13,594.24","13,591.90","13,594.24","229,771"
17-May-2023,20:18,"13,594.23",+0.34,+0.00%,"13,593.94","13,592.13","13,595.06","175,426"
17-May-2023,20:17,"13,593.89",-5.25,-0.04%,"13,599.15","13,593.25","13,599.15","226,148"
17-May-2023,20:16,"13,599.13",+0.35,+0.00%,"13,598.78","13,596.99","13,599.38","259,030"
17-May-2023,20:15,"13,598.78",-1.16,-0.01%,"13,600.06","13,598.78","13,600.80","204,981"
17-May-2023,20:14,"13,599.94",+2.22,+0.02%,"13,597.72","13,597.64","13,601.19","185,903"
17-May-2023,20:13,"13,597.72",+4.08,+0.03%,"13,593.93","13,593.93","13,598.74","314,413"
17-May-2023,20:12,"13,593.64",+4.14,+0.03%,"13,589.53","13,589.27","13,593.64","233,188"
17-May-2023,20:11,"13,589.50",-1.21,-0.01%,"13,590.60","13,588.15","13,590.60","241,244"
17-May-2023,20:10,"13,590.72",+0.29,+0.00%,"13,590.06","13,587.17","13,590.88","274,365"
17-May-2023,20:09,"13,590.42",-1.87,-0.01%,"13,592.32","13,590.30","13,593.01","242,552"
17-May-2023,20:08,"13,592.30",-3.21,-0.02%,"13,595.39","13,590.61","13,595.39","240,021"
17-May-2023,20:07,"13,595.51",+3.41,+0.03%,"13,592.13","13,591.58","13,595.95","241,014"
17-May-2023,20:06,"13,592.10",-3.55,-0.03%,"13,595.68","13,591.09","13,595.68","316,669"
17-May-2023,20:05,"13,595.65",-2.70,-0.02%,"13,598.24","13,595.26","13,598.36","270,700"
17-May-2023,20:04,"13,598.35",-3.98,-0.03%,"13,602.11","13,597.86","13,602.32","248,051"
17-May-2023,20:03,"13,602.33",-0.09,-0.00%,"13,602.26","13,600.38","13,602.61","248,983"
17-May-2023,20:02,"13,602.42",-1.27,-0.01%,"13,603.57","13,602.04","13,604.01","264,524"
17-May-2023,20:01,"13,603.69",-3.69,-0.03%,"13,607.37","13,603.49","13,607.88","248,270"
17-May-2023,20:00,"13,607.38",+1.53,+0.01%,"13,605.87","13,604.54","13,608.33","295,666"
17-May-2023,19:59,"13,605.85",+4.18,+0.03%,"13,601.78","13,600.82","13,605.85","351,969"
17-May-2023,19:58,"13,601.67",+2.97,+0.02%,"13,598.70","13,598.59","13,601.74","201,278"
17-May-2023,19:57,"13,598.70",+0.35,+0.00%,"13,597.76","13,596.95","13,599.72","276,992"
17-May-2023,19:56,"13,598.35",-2.17,-0.02%,"13,600.45","13,598.35","13,600.93","234,076"
17-May-2023,19:55,"13,600.52",-1.42,-0.01%,"13,602.43","13,600.11","13,602.69","191,649"
17-May-2023,19:54,"13,601.94",+1.03,+0.01%,"13,600.66","13,599.08","13,601.94","212,862"
17-May-2023,19:53,"13,600.91",-4.31,-0.03%,"13,605.35","13,600.03","13,607.06","469,035"
17-May-2023,19:52,"13,605.22",+0.04,+0.00%,"13,605.33","13,604.47","13,607.36","251,255"
17-May-2023,19:51,"13,605.18",+1.27,+0.01%,"13,603.49","13,603.47","13,605.81","213,256"
17-May-2023,19:50,"13,603.91",+1.13,+0.01%,"13,602.84","13,602.83","13,607.57","291,110"
17-May-2023,19:49,"13,602.78",+2.94,+0.02%,"13,599.52","13,599.52","13,603.85","235,546"
17-May-2023,19:48,"13,599.84",+1.65,+0.01%,"13,598.20","13,598.08","13,599.84","234,060"
17-May-2023,19:47,"13,598.20",+4.48,+0.03%,"13,593.79","13,593.32","13,598.20","501,232"
17-May-2023,19:46,"13,593.72",+3.03,+0.02%,"13,590.77","13,589.87","13,593.92","219,784"
17-May-2023,19:45,"13,590.68",-2.26,-0.02%,"13,592.97","13,587.01","13,593.07","433,663"
17-May-2023,19:44,"13,592.94",+1.76,+0.01%,"13,590.72","13,589.01","13,593.02","188,558"
17-May-2023,19:43,"13,591.19",+2.19,+0.02%,"13,589.10","13,587.52","13,591.78","284,642"
17-May-2023,19:42,"13,588.99",+2.40,+0.02%,"13,586.42","13,585.30","13,588.99","207,399"
17-May-2023,19:41,"13,586.59",+2.42,+0.02%,"13,584.17","13,582.07","13,586.78","226,505"
17-May-2023,19:40,"13,584.18",+0.44,+0.00%,"13,583.93","13,583.38","13,585.78","249,280"
17-May-2023,19:39,"13,583.73",+3.05,+0.02%,"13,580.79","13,580.79","13,583.83","301,717"
17-May-2023,19:38,"13,580.68",+1.48,+0.01%,"13,579.43","13,577.88","13,580.68","433,857"
17-May-2023,19:37,"13,579.20",-7.17,-0.05%,"13,586.27","13,579.20","13,586.27","253,156"
17-May-2023,19:36,"13,586.37",+0.10,+0.00%,"13,587.99","13,586.37","13,588.77","265,788"
17-May-2023,19:35,"13,586.27",+1.04,+0.01%,"13,585.25","13,584.02","13,586.31","227,466"
17-May-2023,19:34,"13,585.23",+1.09,+0.01%,"13,584.57","13,583.00","13,585.40","267,483"
17-May-2023,19:33,"13,584.14",+0.57,+0.00%,"13,583.54","13,581.59","13,584.14","249,039"
17-May-2023,19:32,"13,583.56",-2.70,-0.02%,"13,585.88","13,583.56","13,585.88","222,281"
17-May-2023,19:31,"13,586.26",+2.17,+0.02%,"13,584.31","13,584.31","13,588.87","261,242"
17-May-2023,19:30,"13,584.09",-2.72,-0.02%,"13,586.42","13,583.76","13,586.42","227,561"
17-May-2023,19:29,"13,586.81",+1.62,+0.01%,"13,585.15","13,584.17","13,586.85","258,725"
17-May-2023,19:28,"13,585.19",+3.91,+0.03%,"13,581.36","13,581.36","13,585.19","337,455"
17-May-2023,19:27,"13,581.28",+2.99,+0.02%,"13,578.06","13,577.63","13,581.28","266,749"
17-May-2023,19:26,"13,578.30",-0.08,-0.00%,"13,578.65","13,578.25","13,580.56","249,799"
17-May-2023,19:25,"13,578.38",+1.80,+0.01%,"13,576.78","13,575.98","13,578.93","254,133"
17-May-2023,19:24,"13,576.58",-1.57,-0.01%,"13,579.50","13,575.42","13,579.52","276,030"
17-May-2023,19:23,"13,578.15",+5.38,+0.04%,"13,574.62","13,574.39","13,578.17","509,417"
17-May-2023,19:22,"13,572.77",+6.55,+0.05%,"13,566.42","13,566.42","13,573.14","286,430"
17-May-2023,19:21,"13,566.22",+1.34,+0.01%,"13,565.20","13,565.20","13,567.21","244,631"
17-May-2023,19:20,"13,564.88",-0.69,-0.01%,"13,565.62","13,563.78","13,566.41","201,561"
17-May-2023,19:19,"13,565.57",+0.69,+0.01%,"13,564.94","13,563.79","13,566.02","256,096"
17-May-2023,19:18,"13,564.87",+3.31,+0.02%,"13,561.77","13,561.77","13,565.03","313,404"
17-May-2023,19:17,"13,561.57",+2.52,+0.02%,"13,559.05","13,556.03","13,561.57","370,509"
17-May-2023,19:16,"13,559.05",-3.27,-0.02%,"13,562.55","13,558.45","13,562.82","321,169"
17-May-2023,19:15,"13,562.32",-0.78,-0.01%,"13,563.16","13,560.70","13,563.50","193,950"
17-May-2023,19:14,"13,563.10",+0.57,+0.00%,"13,562.48","13,560.88","13,563.44","283,697"
17-May-2023,19:13,"13,562.53",-3.46,-0.03%,"13,565.88","13,562.20","13,565.88","243,372"
17-May-2023,19:12,"13,565.99",+0.74,+0.01%,"13,564.85","13,562.82","13,566.45","303,692"
17-May-2023,19:11,"13,565.25",-2.30,-0.02%,"13,567.15","13,565.25","13,568.59","264,794"
17-May-2023,19:10,"13,567.55",-1.98,-0.01%,"13,569.70","13,567.55","13,569.89","251,173"
17-May-2023,19:09,"13,569.53",+0.19,+0.00%,"13,569.35","13,568.46","13,571.56","233,355"
17-May-2023,19:08,"13,569.34",+0.26,+0.00%,"13,569.14","13,568.01","13,571.95","346,177"
17-May-2023,19:07,"13,569.08",+4.87,+0.04%,"13,564.41","13,564.38","13,569.75","344,106"
17-May-2023,19:06,"13,564.21",+4.65,+0.03%,"13,559.68","13,559.68","13,564.39","339,344"
17-May-2023,19:05,"13,559.57",+4.15,+0.03%,"13,555.51","13,555.23","13,560.46","380,428"
17-May-2023,19:04,"13,555.41",+0.91,+0.01%,"13,554.55","13,554.07","13,555.48","225,779"
17-May-2023,19:03,"13,554.51",+4.62,+0.03%,"13,550.07","13,550.07","13,555.14","268,815"
17-May-2023,19:02,"13,549.89",+1.05,+0.01%,"13,548.76","13,548.35","13,550.34","203,900"
17-May-2023,19:01,"13,548.84",+3.25,+0.02%,"13,546.54","13,546.54","13,549.26","246,267"
17-May-2023,19:00,"13,545.59",+3.54,+0.03%,"13,542.05","13,542.05","13,545.69","207,483"
17-May-2023,18:59,"13,542.05",-2.51,-0.02%,"13,544.63","13,538.74","13,544.90","294,946"
17-May-2023,18:58,"13,544.56",-4.72,-0.03%,"13,549.41","13,544.53","13,549.71","223,520"
17-May-2023,18:57,"13,549.28",-2.13,-0.02%,"13,551.24","13,548.10","13,551.24","219,043"
17-May-2023,18:56,"13,551.42",+3.13,+0.02%,"13,548.41","13,548.41","13,554.11","339,251"
17-May-2023,18:55,"13,548.28",+7.46,+0.06%,"13,540.71","13,540.71","13,548.28","371,270"
17-May-2023,18:54,"13,540.82",+2.19,+0.02%,"13,538.64","13,538.31","13,541.49","220,443"
17-May-2023,18:53,"13,538.63",+2.76,+0.02%,"13,535.81","13,535.81","13,539.14","315,147"
17-May-2023,18:52,"13,535.87",+3.97,+0.03%,"13,531.79","13,531.21","13,536.10","256,242"
17-May-2023,18:51,"13,531.90",-2.30,-0.02%,"13,534.47","13,531.61","13,535.69","233,741"
17-May-2023,18:50,"13,534.20",+0.89,+0.01%,"13,533.31","13,533.15","13,534.54","188,948"
17-May-2023,18:49,"13,533.31",-1.62,-0.01%,"13,534.91","13,532.81","13,535.13","236,465"
17-May-2023,18:48,"13,534.92",+4.48,+0.03%,"13,530.86","13,530.86","13,535.58","339,143"
17-May-2023,18:47,"13,530.45",+0.66,+0.00%,"13,529.61","13,525.75","13,530.45","329,508"
17-May-2023,18:46,"13,529.79",+3.32,+0.02%,"13,526.52","13,525.07","13,529.88","314,569"
17-May-2023,18:45,"13,526.47",+2.49,+0.02%,"13,524.28","13,524.15","13,526.57","195,530"
17-May-2023,18:44,"13,523.98",+1.68,+0.01%,"13,522.73","13,521.10","13,524.15","210,881"
17-May-2023,18:43,"13,522.31",+2.74,+0.02%,"13,519.57","13,519.57","13,522.38","202,495"
17-May-2023,18:42,"13,519.57",-4.35,-0.03%,"13,523.94","13,518.67","13,524.16","286,182"
17-May-2023,18:41,"13,523.92",+7.48,+0.06%,"13,516.62","13,516.62","13,524.53","383,951"
17-May-2023,18:40,"13,516.44",+8.24,+0.06%,"13,508.19","13,507.90","13,516.74","465,804"
17-May-2023,18:39,"13,508.19",+2.36,+0.02%,"13,505.93","13,505.72","13,508.34","187,779"
17-May-2023,18:38,"13,505.83",+0.97,+0.01%,"13,504.67","13,503.68","13,505.83","198,992"
17-May-2023,18:37,"13,504.86",-1.08,-0.01%,"13,505.84","13,504.86","13,506.66","157,783"
17-May-2023,18:36,"13,505.94",+2.68,+0.02%,"13,503.16","13,502.67","13,507.52","210,641"
17-May-2023,18:35,"13,503.26",+0.70,+0.01%,"13,502.64","13,502.64","13,505.27","292,913"
17-May-2023,18:34,"13,502.55",-3.43,-0.03%,"13,505.71","13,501.29","13,506.57","330,190"
17-May-2023,18:33,"13,505.98",+6.10,+0.05%,"13,499.81","13,499.32","13,506.03","306,409"
17-May-2023,18:32,"13,499.88",+3.80,+0.03%,"13,496.50","13,496.33","13,500.33","299,413"
17-May-2023,18:31,"13,496.08",+1.25,+0.01%,"13,494.83","13,494.83","13,496.97","216,956"
17-May-2023,18:30,"13,494.83",+0.82,+0.01%,"13,494.12","13,493.08","13,495.45","225,141"
17-May-2023,18:29,"13,494.01",+2.68,+0.02%,"13,491.33","13,491.33","13,494.10","248,577"
17-May-2023,18:28,"13,491.33",+0.10,+0.00%,"13,491.40","13,490.96","13,492.71","205,878"
17-May-2023,18:27,"13,491.23",+1.63,+0.01%,"13,489.62","13,488.46","13,491.27","282,418"
17-May-2023,18:26,"13,489.60",+0.16,+0.00%,"13,489.43","13,487.06","13,489.60","325,680"
17-May-2023,18:25,"13,489.43",-0.14,-0.00%,"13,489.57","13,488.97","13,490.64","261,680"
17-May-2023,18:24,"13,489.57",+1.34,+0.01%,"13,488.27","13,486.01","13,489.57","245,894"
17-May-2023,18:23,"13,488.24",+2.54,+0.02%,"13,485.69","13,485.49","13,488.37","168,477"
17-May-2023,18:22,"13,485.69",+1.44,+0.01%,"13,484.26","13,483.29","13,486.06","225,732"
17-May-2023,18:21,"13,484.26",+4.01,+0.03%,"13,480.25","13,480.13","13,484.26","223,098"
17-May-2023,18:20,"13,480.25",-1.55,-0.01%,"13,481.75","13,480.24","13,482.90","216,353"
17-May-2023,18:19,"13,481.80",-2.19,-0.02%,"13,483.99","13,481.76","13,484.71","204,181"
17-May-2023,18:18,"13,483.99",+2.62,+0.02%,"13,481.30","13,481.14","13,483.99","200,651"
17-May-2023,18:17,"13,481.37",-6.69,-0.05%,"13,488.05","13,481.37","13,488.32","249,550"
17-May-2023,18:16,"13,488.06",+1.59,+0.01%,"13,486.47","13,485.77","13,488.86","217,465"
17-May-2023,18:15,"13,486.47",+1.14,+0.01%,"13,485.33","13,484.51","13,486.49","165,541"
17-May-2023,18:14,"13,485.33",-3.62,-0.03%,"13,488.95","13,485.33","13,488.95","258,552"
17-May-2023,18:13,"13,488.95",+0.49,+0.00%,"13,488.46","13,488.46","13,491.15","215,314"
17-May-2023,18:12,"13,488.46",-0.35,-0.00%,"13,488.81","13,487.69","13,490.02","184,969"
17-May-2023,18:11,"13,488.81",+1.81,+0.01%,"13,486.98","13,486.46","13,488.81","215,905"
17-May-2023,18:10,"13,487.00",-4.09,-0.03%,"13,491.09","13,487.00","13,491.09","197,998"
17-May-2023,18:09,"13,491.09",+2.36,+0.02%,"13,488.72","13,488.62","13,491.51","202,529"
17-May-2023,18:08,"13,488.72",+3.10,+0.02%,"13,485.62","13,485.58","13,489.16","198,881"
17-May-2023,18:07,"13,485.62",-3.73,-0.03%,"13,489.35","13,485.62","13,489.90","259,139"
17-May-2023,18:06,"13,489.35",+0.71,+0.01%,"13,488.64","13,487.24","13,489.35","200,840"
17-May-2023,18:05,"13,488.64",+0.84,+0.01%,"13,487.80","13,486.92","13,488.64","211,078"
17-May-2023,18:04,"13,487.80",-5.40,-0.04%,"13,493.20","13,486.18","13,493.20","283,655"
17-May-2023,18:03,"13,493.20",+0.04,+0.00%,"13,493.16","13,492.49","13,495.17","192,913"
17-May-2023,18:02,"13,493.16",-3.45,-0.03%,"13,496.61","13,491.97","13,496.61","235,085"
17-May-2023,18:01,"13,496.61",+1.82,+0.01%,"13,494.79","13,494.34","13,497.15","234,735"
17-May-2023,18:00,"13,494.79",+3.29,+0.02%,"13,491.50","13,491.06","13,494.80","171,763"
17-May-2023,17:59,"13,491.50",-1.53,-0.01%,"13,493.03","13,490.16","13,493.17","230,675"
17-May-2023,17:58,"13,493.03",+2.70,+0.02%,"13,490.32","13,488.37","13,493.85","240,606"
17-May-2023,17:57,"13,490.32",+1.57,+0.01%,"13,488.75","13,487.99","13,491.04","255,915"
17-May-2023,17:56,"13,488.75",+2.47,+0.02%,"13,486.28","13,486.28","13,488.76","231,031"
17-May-2023,17:55,"13,486.28",+0.28,+0.00%,"13,486.00","13,485.16","13,487.21","219,356"
17-May-2023,17:54,"13,486.00",-6.19,-0.05%,"13,492.20","13,485.71","13,492.20","258,196"
17-May-2023,17:53,"13,492.20",-1.38,-0.01%,"13,493.58","13,492.20","13,494.68","197,390"
17-May-2023,17:52,"13,493.58",-1.38,-0.01%,"13,494.95","13,491.92","13,495.00","187,060"
17-May-2023,17:51,"13,494.95",+3.20,+0.02%,"13,491.75","13,491.59","13,495.05","229,140"
17-May-2023,17:50,"13,491.75",-2.85,-0.02%,"13,494.61","13,491.44","13,494.61","237,721"
17-May-2023,17:49,"13,494.61",-6.28,-0.05%,"13,500.88","13,494.48","13,501.16","291,917"
17-May-2023,17:48,"13,500.88",+0.91,+0.01%,"13,499.97","13,498.58","13,501.05","362,284"
17-May-2023,17:47,"13,499.97",+3.52,+0.03%,"13,496.44","13,495.83","13,499.97","399,568"
17-May-2023,17:46,"13,496.44",+3.44,+0.03%,"13,493.01","13,492.24","13,496.65","280,703"
17-May-2023,17:45,"13,493.01",+1.21,+0.01%,"13,491.80","13,490.34","13,493.15","272,814"
17-May-2023,17:44,"13,491.80",+2.56,+0.02%,"13,489.24","13,488.63","13,492.14","269,095"
17-May-2023,17:43,"13,489.24",-0.26,-0.00%,"13,489.50","13,489.24","13,491.70","222,035"
17-May-2023,17:42,"13,489.50",-3.15,-0.02%,"13,492.65","13,488.26","13,492.65","253,863"
17-May-2023,17:41,"13,492.65",+10.45,+0.08%,"13,482.20","13,481.50","13,492.65","330,858"
17-May-2023,17:40,"13,482.20",+0.16,+0.00%,"13,482.04","13,481.04","13,484.04","241,566"
17-May-2023,17:39,"13,482.04",+0.77,+0.01%,"13,481.28","13,481.28","13,483.36","228,261"
17-May-2023,17:38,"13,481.28",-0.72,-0.01%,"13,482.00","13,480.16","13,483.13","233,542"
17-May-2023,17:37,"13,482.00",+1.99,+0.01%,"13,480.02","13,478.15","13,482.00","439,017"
17-May-2023,17:36,"13,480.02",+0.96,+0.01%,"13,479.06","13,478.91","13,481.38","248,927"
17-May-2023,17:35,"13,479.06",+3.65,+0.03%,"13,475.41","13,475.32","13,479.10","230,129"
17-May-2023,17:34,"13,475.41",+0.81,+0.01%,"13,474.60","13,473.99","13,477.51","224,850"
17-May-2023,17:33,"13,474.60",-6.73,-0.05%,"13,481.32","13,474.60","13,481.67","366,658"
17-May-2023,17:32,"13,481.32",-0.10,-0.00%,"13,481.43","13,479.46","13,482.83","234,710"
17-May-2023,17:31,"13,481.43",+1.90,+0.01%,"13,479.53","13,479.31","13,483.40","305,033"
17-May-2023,17:30,"13,479.53",+4.87,+0.04%,"13,474.66","13,472.90","13,479.53","252,158"
17-May-2023,17:29,"13,474.66",+4.71,+0.03%,"13,469.95","13,469.90","13,476.16","329,399"
17-May-2023,17:28,"13,469.95",+6.13,+0.05%,"13,463.82","13,463.69","13,470.10","265,813"
17-May-2023,17:27,"13,463.82",+3.36,+0.02%,"13,460.46","13,460.10","13,464.32","267,057"
17-May-2023,17:26,"13,460.46",-3.68,-0.03%,"13,464.14","13,459.42","13,464.62","243,911"
17-May-2023,17:25,"13,464.14",+1.84,+0.01%,"13,462.30","13,462.30","13,465.12","206,024"
17-May-2023,17:24,"13,462.30",+12.03,+0.09%,"13,450.27","13,449.76","13,463.13","476,871"
17-May-2023,17:23,"13,450.27",-21.30,-0.16%,"13,471.57","13,450.27","13,471.57","423,592"
17-May-2023,17:22,"13,471.57",+4.02,+0.03%,"13,467.55","13,467.55","13,471.78","266,058"
17-May-2023,17:21,"13,467.55",-11.84,-0.09%,"13,479.39","13,467.27","13,481.23","398,435"
17-May-2023,17:20,"13,479.39",-12.22,-0.09%,"13,491.61","13,476.38","13,491.61","670,224"
17-May-2023,17:19,"13,491.61",+1.61,+0.01%,"13,490.00","13,490.00","13,500.48","623,691"
17-May-2023,17:18,"13,490.00",+14.32,+0.11%,"13,475.68","13,475.55","13,491.61","602,968"
17-May-2023,17:17,"13,475.68",+2.63,+0.02%,"13,473.06","13,472.94","13,476.11","327,219"
17-May-2023,17:16,"13,473.06",-2.35,-0.02%,"13,475.40","13,472.47","13,477.59","383,328"
17-May-2023,17:15,"13,475.40",-0.10,-0.00%,"13,475.51","13,474.27","13,475.90","300,753"
17-May-2023,17:14,"13,475.51",+1.66,+0.01%,"13,473.85","13,473.21","13,476.46","320,226"
17-May-2023,17:13,"13,473.85",-1.65,-0.01%,"13,475.50","13,473.84","13,478.07","365,664"
17-May-2023,17:12,"13,475.50",+3.27,+0.02%,"13,472.22","13,471.40","13,475.50","301,474"
17-May-2023,17:11,"13,472.22",-0.63,-0.00%,"13,472.85","13,470.73","13,473.01","235,330"
17-May-2023,17:10,"13,472.85",+2.44,+0.02%,"13,470.42","13,469.77","13,473.01","272,729"
17-May-2023,17:09,"13,470.42",-3.12,-0.02%,"13,473.53","13,470.42","13,474.50","287,941"
17-May-2023,17:08,"13,473.53",+1.57,+0.01%,"13,471.96","13,470.05","13,473.89","196,867"
17-May-2023,17:07,"13,471.96",-6.46,-0.05%,"13,478.42","13,470.21","13,478.49","364,838"
17-May-2023,17:06,"13,478.42",-1.86,-0.01%,"13,480.29","13,478.42","13,481.89","340,756"
17-May-2023,17:05,"13,480.29",+0.26,+0.00%,"13,480.03","13,477.98","13,480.46","239,034"
17-May-2023,17:04,"13,480.03",-3.14,-0.02%,"13,483.17","13,479.02","13,483.43","307,726"
17-May-2023,17:03,"13,483.17",-1.29,-0.01%,"13,484.47","13,481.21","13,484.53","395,130"
17-May-2023,17:02,"13,484.47",+1.53,+0.01%,"13,482.93","13,482.38","13,484.54","321,108"
17-May-2023,17:01,"13,482.93",+5.36,+0.04%,"13,477.58","13,477.50","13,484.28","367,837"
17-May-2023,17:00,"13,477.58",-2.53,-0.02%,"13,480.11","13,476.86","13,480.11","393,677"
17-May-2023,16:59,"13,480.11",+2.32,+0.02%,"13,477.79","13,475.39","13,480.68","424,742"
17-May-2023,16:58,"13,477.79",+5.36,+0.04%,"13,472.43","13,471.28","13,477.79","341,591"
17-May-2023,16:57,"13,472.43",+6.01,+0.04%,"13,466.42","13,466.33","13,472.71","373,593"
17-May-2023,16:56,"13,466.42",-1.69,-0.01%,"13,468.10","13,466.35","13,468.48","318,999"
17-May-2023,16:55,"13,468.10",+0.99,+0.01%,"13,467.11","13,466.24","13,468.78","404,189"
17-May-2023,16:54,"13,467.11",-0.68,-0.01%,"13,467.79","13,465.51","13,468.51","407,801"
17-May-2023,16:53,"13,467.79",-2.81,-0.02%,"13,470.60","13,467.79","13,472.57","348,859"
17-May-2023,16:52,"13,470.60",-2.21,-0.02%,"13,472.81","13,470.58","13,473.51","400,249"
17-May-2023,16:51,"13,472.81",-0.26,-0.00%,"13,473.07","13,470.08","13,473.26","307,055"
17-May-2023,16:50,"13,473.07",-1.16,-0.01%,"13,474.22","13,473.03","13,475.66","323,877"
17-May-2023,16:49,"13,474.22",-1.18,-0.01%,"13,475.40","13,473.82","13,476.14","355,506"
17-May-2023,16:48,"13,475.40",+2.94,+0.02%,"13,472.46","13,472.29","13,476.88","382,585"
17-May-2023,16:47,"13,472.46",+3.24,+0.02%,"13,469.22","13,467.41","13,472.83","471,208"
17-May-2023,16:46,"13,469.22",-0.71,-0.01%,"13,469.92","13,469.21","13,472.11","436,709"
17-May-2023,16:45,"13,469.92",+0.97,+0.01%,"13,468.96","13,468.81","13,470.82","295,861"
17-May-2023,16:44,"13,468.96",+2.55,+0.02%,"13,466.54","13,466.32","13,470.17","306,823"
17-May-2023,16:43,"13,466.40",-2.81,-0.02%,"13,469.21","13,465.62","13,469.21","365,873"
17-May-2023,16:42,"13,469.21",-2.10,-0.02%,"13,471.31","13,467.65","13,471.89","405,102"
17-May-2023,16:41,"13,471.31",+4.77,+0.04%,"13,466.54","13,464.87","13,471.31","404,440"
17-May-2023,16:40,"13,466.54",+0.48,+0.00%,"13,466.06","13,465.47","13,468.67","385,745"
17-May-2023,16:39,"13,466.06",+2.40,+0.02%,"13,463.66","13,463.35","13,466.71","342,548"
17-May-2023,16:38,"13,463.66",+0.66,+0.00%,"13,463.00","13,459.86","13,463.72","392,071"
17-May-2023,16:37,"13,463.00",-0.56,-0.00%,"13,463.56","13,462.10","13,464.63","405,566"
17-May-2023,16:36,"13,463.56",-3.08,-0.02%,"13,466.64","13,461.77","13,468.00","537,909"
17-May-2023,16:35,"13,466.64",+2.59,+0.02%,"13,464.05","13,464.05","13,467.72","513,070"
17-May-2023,16:34,"13,464.05",+3.12,+0.02%,"13,460.93","13,457.15","13,464.97","386,138"
17-May-2023,16:33,"13,460.93",-3.62,-0.03%,"13,464.55","13,460.38","13,464.58","418,779"
17-May-2023,16:32,"13,464.55",+4.16,+0.03%,"13,460.39","13,460.20","13,464.64","360,372"
17-May-2023,16:31,"13,460.39",+1.51,+0.01%,"13,458.88","13,458.72","13,464.82","474,526"
17-May-2023,16:30,"13,458.88",+0.38,+0.00%,"13,458.50","13,458.04","13,459.28","344,900"
17-May-2023,16:29,"13,458.50",-1.24,-0.01%,"13,459.75","13,455.76","13,459.75","343,687"
17-May-2023,16:28,"13,459.75",-3.65,-0.03%,"13,463.39","13,459.61","13,463.39","394,611"
17-May-2023,16:27,"13,463.39",+5.45,+0.04%,"13,457.94","13,457.30","13,463.39","440,208"
17-May-2023,16:26,"13,457.94",+2.85,+0.02%,"13,455.09","13,455.06","13,458.79","311,630"
17-May-2023,16:25,"13,455.09",-3.04,-0.02%,"13,457.74","13,453.88","13,458.01","323,895"
17-May-2023,16:24,"13,458.13",-0.13,-0.00%,"13,458.25","13,454.56","13,458.97","368,332"
17-May-2023,16:23,"13,458.25",+3.89,+0.03%,"13,454.36","13,453.91","13,458.44","308,842"
17-May-2023,16:22,"13,454.36",-1.28,-0.01%,"13,455.38","13,454.36","13,457.45","318,230"
17-May-2023,16:21,"13,455.65",-2.05,-0.02%,"13,457.70","13,454.79","13,459.58","526,303"
17-May-2023,16:20,"13,457.70",-0.84,-0.01%,"13,458.54","13,457.05","13,460.41","370,174"
17-May-2023,16:19,"13,458.54",+1.63,+0.01%,"13,457.10","13,455.88","13,458.82","426,607"
17-May-2023,16:18,"13,456.91",-0.05,-0.00%,"13,456.77","13,454.62","13,457.28","377,008"
17-May-2023,16:17,"13,456.96",+3.19,+0.02%,"13,454.34","13,453.20","13,457.91","367,184"
17-May-2023,16:16,"13,453.77",+0.62,+0.00%,"13,453.10","13,450.38","13,453.77","399,178"
17-May-2023,16:15,"13,453.15",+2.52,+0.02%,"13,451.15","13,450.79","13,454.60","373,206"
17-May-2023,16:14,"13,450.63",+4.21,+0.03%,"13,446.22","13,444.74","13,450.93","433,734"
17-May-2023,16:13,"13,446.42",+0.43,+0.00%,"13,446.28","13,444.89","13,448.45","559,147"
17-May-2023,16:12,"13,446.00",+3.58,+0.03%,"13,442.24","13,442.24","13,447.50","558,739"
17-May-2023,16:11,"13,442.42",+6.34,+0.05%,"13,436.14","13,436.14","13,442.48","482,132"
17-May-2023,16:10,"13,436.08",+3.35,+0.02%,"13,432.74","13,432.49","13,436.28","466,323"
17-May-2023,16:09,"13,432.74",-0.07,-0.00%,"13,431.54","13,430.96","13,435.48","341,187"
17-May-2023,16:08,"13,432.81",-6.84,-0.05%,"13,440.00","13,432.81","13,442.53","702,854"
17-May-2023,16:07,"13,439.65",+8.74,+0.07%,"13,430.92","13,430.00","13,439.65","575,951"
17-May-2023,16:06,"13,430.92",+4.23,+0.03%,"13,426.68","13,426.68","13,430.92","453,529"
17-May-2023,16:05,"13,426.68",-3.84,-0.03%,"13,430.53","13,425.71","13,430.53","353,149"
17-May-2023,16:04,"13,430.53",-0.13,-0.00%,"13,431.14","13,428.24","13,432.73","433,398"
17-May-2023,16:03,"13,430.65",+4.72,+0.04%,"13,426.45","13,424.88","13,430.65","476,806"
17-May-2023,16:02,"13,425.93",-2.73,-0.02%,"13,428.49","13,424.79","13,428.49","549,568"
17-May-2023,16:01,"13,428.66",+7.06,+0.05%,"13,421.26","13,420.71","13,429.61","606,404"
17-May-2023,16:00,"13,421.61",-5.17,-0.04%,"13,426.66","13,419.35","13,427.65","483,429"
17-May-2023,15:59,"13,426.78",-6.40,-0.05%,"13,432.85","13,426.19","13,432.85","411,441"
17-May-2023,15:58,"13,433.18",-1.78,-0.01%,"13,434.90","13,430.03","13,434.95","524,954"
17-May-2023,15:57,"13,434.96",+1.25,+0.01%,"13,433.33","13,432.90","13,436.54","367,807"
17-May-2023,15:56,"13,433.71",-1.98,-0.01%,"13,435.29","13,433.71","13,439.16","619,179"
17-May-2023,15:55,"13,435.69",+3.98,+0.03%,"13,431.06","13,430.43","13,435.69","543,162"
17-May-2023,15:54,"13,431.71",-7.99,-0.06%,"13,439.60","13,431.11","13,440.86","583,941"
17-May-2023,15:53,"13,439.70",+2.43,+0.02%,"13,437.75","13,436.13","13,443.10","554,818"
17-May-2023,15:52,"13,437.27",-0.82,-0.01%,"13,438.26","13,433.45","13,438.26","680,557"
17-May-2023,15:51,"13,438.08",-11.78,-0.09%,"13,449.20","13,436.39","13,452.53","770,432"
17-May-2023,15:50,"13,449.86",-8.29,-0.06%,"13,458.10","13,449.52","13,460.60","783,100"
17-May-2023,15:49,"13,458.15",-0.44,-0.00%,"13,459.05","13,457.32","13,461.97","627,293"
17-May-2023,15:48,"13,458.59",+3.08,+0.02%,"13,454.89","13,454.67","13,459.14","553,442"
17-May-2023,15:47,"13,455.51",-5.74,-0.04%,"13,461.15","13,455.15","13,461.15","617,362"
17-May-2023,15:46,"13,461.25",-7.99,-0.06%,"13,469.65","13,460.81","13,469.65","817,917"
17-May-2023,15:45,"13,469.25",+8.06,+0.06%,"13,460.90","13,460.90","13,469.77","555,105"
17-May-2023,15:44,"13,461.19",-3.48,-0.03%,"13,464.66","13,459.34","13,465.08","653,973"
17-May-2023,15:43,"13,464.67",-7.78,-0.06%,"13,472.32","13,464.67","13,473.20","740,228"
17-May-2023,15:42,"13,472.44",+1.78,+0.01%,"13,471.09","13,469.93","13,476.84","904,344"
17-May-2023,15:41,"13,470.67",+1.87,+0.01%,"13,469.43","13,468.83","13,473.53","783,007"
17-May-2023,15:40,"13,468.80",-9.72,-0.07%,"13,478.45","13,468.63","13,478.97","620,918"
17-May-2023,15:39,"13,478.51",+2.93,+0.02%,"13,475.12","13,472.82","13,479.49","570,159"
17-May-2023,15:38,"13,475.59",+2.22,+0.02%,"13,474.73","13,472.54","13,479.37","742,133"
17-May-2023,15:37,"13,473.37",+3.58,+0.03%,"13,470.84","13,468.23","13,475.58","533,380"
17-May-2023,15:36,"13,469.79",+2.63,+0.02%,"13,466.00","13,463.01","13,472.50","589,152"
17-May-2023,15:35,"13,467.15",-9.91,-0.07%,"13,477.06","13,467.15","13,478.31","607,609"
17-May-2023,15:34,"13,477.06",+0.77,+0.01%,"13,476.44","13,475.74","13,481.57","625,482"
17-May-2023,15:33,"13,476.29",-2.85,-0.02%,"13,479.14","13,475.20","13,483.73","954,596"
17-May-2023,15:32,"13,479.14",+0.27,+0.00%,"13,478.87","13,465.58","13,479.80","1,024,991"
17-May-2023,15:31,"13,478.87",,,"13,474.52","13,473.64","13,483.21","11,270,967"